[      88ms] [WARNING] <link rel=preload> has an unsupported `type` value @ http://localhost:3000/:0
[      88ms] [WARNING] <link rel=preload> has an unsupported `type` value @ http://localhost:3000/:0
[      88ms] [WARNING] <link rel=preload> has an unsupported `type` value @ http://localhost:3000/:0
[      91ms] [WARNING] <link rel=preload> has an unsupported `type` value @ http://localhost:3000/:0
[      91ms] [WARNING] <link rel=preload> has an unsupported `type` value @ http://localhost:3000/:0
[      91ms] [WARNING] <link rel=preload> has an unsupported `type` value @ http://localhost:3000/:0
[     107ms] [INFO] %cDownload the React DevTools for a better development experience: https://react.dev/link/react-devtools font-weight:bold @ http://localhost:3000/_next/static/chunks/node_modules_next_dist_115brz8._.js:2431
[     117ms] [LOG] [HMR] connected @ http://localhost:3000/_next/static/chunks/node_modules_next_dist_115brz8._.js:2431
[  143505ms] [ERROR] WebSocket connection to 'ws://localhost:3000/_next/webpack-hmr?id=NJ78GAthomoH01l0uq2Bk' failed: Error in connection establishment: net::ERR_CONNECTION_REFUSED @ http://localhost:3000/_next/static/chunks/node_modules_next_dist_client_0fhqo1d._.js:13299
[  144508ms] [ERROR] WebSocket connection to 'ws://localhost:3000/_next/webpack-hmr?id=NJ78GAthomoH01l0uq2Bk' failed: Error in connection establishment: net::ERR_CONNECTION_REFUSED @ http://localhost:3000/_next/static/chunks/node_modules_next_dist_client_0fhqo1d._.js:13299
[  145510ms] [ERROR] WebSocket connection to 'ws://localhost:3000/_next/webpack-hmr?id=NJ78GAthomoH01l0uq2Bk' failed: Error in connection establishment: net::ERR_CONNECTION_REFUSED @ http://localhost:3000/_next/static/chunks/node_modules_next_dist_client_0fhqo1d._.js:13299
[  146630ms] [LOG] [HMR] connected @ http://localhost:3000/_next/static/chunks/node_modules_next_dist_115brz8._.js:2431
[  146994ms] [WARNING] <link rel=preload> has an unsupported `type` value @ http://localhost:3000/:0
[  146994ms] [WARNING] <link rel=preload> has an unsupported `type` value @ http://localhost:3000/:0
[  146994ms] [WARNING] <link rel=preload> has an unsupported `type` value @ http://localhost:3000/:0
[  146997ms] [WARNING] <link rel=preload> has an unsupported `type` value @ http://localhost:3000/:0
[  146997ms] [WARNING] <link rel=preload> has an unsupported `type` value @ http://localhost:3000/:0
[  146997ms] [WARNING] <link rel=preload> has an unsupported `type` value @ http://localhost:3000/:0
[  147024ms] [INFO] %cDownload the React DevTools for a better development experience: https://react.dev/link/react-devtools font-weight:bold @ http://localhost:3000/_next/static/chunks/node_modules_next_dist_115brz8._.js:2431
[  147039ms] [LOG] [HMR] connected @ http://localhost:3000/_next/static/chunks/node_modules_next_dist_115brz8._.js:2431
[  318471ms] [LOG] [Fast Refresh] rebuilding @ http://localhost:3000/_next/static/chunks/node_modules_next_dist_115brz8._.js:2431
[  319588ms] [LOG] [Fast Refresh] done in 1217ms @ http://localhost:3000/_next/static/chunks/node_modules_next_dist_115brz8._.js:2431
[  320688ms] [LOG] [Fast Refresh] rebuilding @ http://localhost:3000/_next/static/chunks/node_modules_next_dist_115brz8._.js:2431
[  321206ms] [LOG] [Fast Refresh] done in 619ms @ http://localhost:3000/_next/static/chunks/node_modules_next_dist_115brz8._.js:2431
[  449737ms] [ERROR] WebSocket connection to 'ws://localhost:3000/_next/webpack-hmr?id=xOnWeDwQWchX3-v5PgJzs' failed: Error in connection establishment: net::ERR_CONNECTION_REFUSED @ http://localhost:3000/_next/static/chunks/node_modules_next_dist_client_0fhqo1d._.js:13299
[  450741ms] [ERROR] WebSocket connection to 'ws://localhost:3000/_next/webpack-hmr?id=xOnWeDwQWchX3-v5PgJzs' failed: Error in connection establishment: net::ERR_CONNECTION_REFUSED @ http://localhost:3000/_next/static/chunks/node_modules_next_dist_client_0fhqo1d._.js:13299
[  451743ms] [ERROR] WebSocket connection to 'ws://localhost:3000/_next/webpack-hmr?id=xOnWeDwQWchX3-v5PgJzs' failed: Error in connection establishment: net::ERR_CONNECTION_REFUSED @ http://localhost:3000/_next/static/chunks/node_modules_next_dist_client_0fhqo1d._.js:13299
[  452745ms] [ERROR] WebSocket connection to 'ws://localhost:3000/_next/webpack-hmr?id=xOnWeDwQWchX3-v5PgJzs' failed: Error in connection establishment: net::ERR_CONNECTION_REFUSED @ http://localhost:3000/_next/static/chunks/node_modules_next_dist_client_0fhqo1d._.js:13299
[  453746ms] [ERROR] WebSocket connection to 'ws://localhost:3000/_next/webpack-hmr?id=xOnWeDwQWchX3-v5PgJzs' failed: Error in connection establishment: net::ERR_CONNECTION_REFUSED @ http://localhost:3000/_next/static/chunks/node_modules_next_dist_client_0fhqo1d._.js:13299
[  458980ms] [LOG] [HMR] connected @ http://localhost:3000/_next/static/chunks/node_modules_next_dist_115brz8._.js:2431
[  459525ms] [WARNING] <link rel=preload> has an unsupported `type` value @ http://localhost:3000/:0
[  459525ms] [WARNING] <link rel=preload> has an unsupported `type` value @ http://localhost:3000/:0
[  459525ms] [WARNING] <link rel=preload> has an unsupported `type` value @ http://localhost:3000/:0
[  459531ms] [WARNING] <link rel=preload> has an unsupported `type` value @ http://localhost:3000/:0
[  459531ms] [WARNING] <link rel=preload> has an unsupported `type` value @ http://localhost:3000/:0
[  459531ms] [WARNING] <link rel=preload> has an unsupported `type` value @ http://localhost:3000/:0
[  459653ms] [INFO] %cDownload the React DevTools for a better development experience: https://react.dev/link/react-devtools font-weight:bold @ http://localhost:3000/_next/static/chunks/node_modules_next_dist_115brz8._.js:2431
[  459669ms] [LOG] [HMR] connected @ http://localhost:3000/_next/static/chunks/node_modules_next_dist_115brz8._.js:2431
[  488129ms] [ERROR] WebSocket connection to 'ws://localhost:3000/_next/webpack-hmr?id=yl2gk4590S5oQsMHNXPI5' failed: Error in connection establishment: net::ERR_CONNECTION_REFUSED @ http://localhost:3000/_next/static/chunks/node_modules_next_dist_client_0fhqo1d._.js:13299
[  489131ms] [ERROR] WebSocket connection to 'ws://localhost:3000/_next/webpack-hmr?id=yl2gk4590S5oQsMHNXPI5' failed: Error in connection establishment: net::ERR_CONNECTION_REFUSED @ http://localhost:3000/_next/static/chunks/node_modules_next_dist_client_0fhqo1d._.js:13299
[  490134ms] [ERROR] WebSocket connection to 'ws://localhost:3000/_next/webpack-hmr?id=yl2gk4590S5oQsMHNXPI5' failed: Error in connection establishment: net::ERR_CONNECTION_REFUSED @ http://localhost:3000/_next/static/chunks/node_modules_next_dist_client_0fhqo1d._.js:13299
[  491141ms] [ERROR] WebSocket connection to 'ws://localhost:3000/_next/webpack-hmr?id=yl2gk4590S5oQsMHNXPI5' failed: Error in connection establishment: net::ERR_CONNECTION_REFUSED @ http://localhost:3000/_next/static/chunks/node_modules_next_dist_client_0fhqo1d._.js:13299
[  492144ms] [ERROR] WebSocket connection to 'ws://localhost:3000/_next/webpack-hmr?id=yl2gk4590S5oQsMHNXPI5' failed: Error in connection establishment: net::ERR_CONNECTION_REFUSED @ http://localhost:3000/_next/static/chunks/node_modules_next_dist_client_0fhqo1d._.js:13299
[  497147ms] [ERROR] WebSocket connection to 'ws://localhost:3000/_next/webpack-hmr?id=yl2gk4590S5oQsMHNXPI5' failed: Error in connection establishment: net::ERR_CONNECTION_REFUSED @ http://localhost:3000/_next/static/chunks/node_modules_next_dist_client_0fhqo1d._.js:13299
[  502150ms] [ERROR] WebSocket connection to 'ws://localhost:3000/_next/webpack-hmr?id=yl2gk4590S5oQsMHNXPI5' failed: Error in connection establishment: net::ERR_CONNECTION_REFUSED @ http://localhost:3000/_next/static/chunks/node_modules_next_dist_client_0fhqo1d._.js:13299
[  507156ms] [ERROR] WebSocket connection to 'ws://localhost:3000/_next/webpack-hmr?id=yl2gk4590S5oQsMHNXPI5' failed: Error in connection establishment: net::ERR_CONNECTION_REFUSED @ http://localhost:3000/_next/static/chunks/node_modules_next_dist_client_0fhqo1d._.js:13299
[  512161ms] [ERROR] WebSocket connection to 'ws://localhost:3000/_next/webpack-hmr?id=yl2gk4590S5oQsMHNXPI5' failed: Error in connection establishment: net::ERR_CONNECTION_REFUSED @ http://localhost:3000/_next/static/chunks/node_modules_next_dist_client_0fhqo1d._.js:13299
[  517165ms] [ERROR] WebSocket connection to 'ws://localhost:3000/_next/webpack-hmr?id=yl2gk4590S5oQsMHNXPI5' failed: Error in connection establishment: net::ERR_CONNECTION_REFUSED @ http://localhost:3000/_next/static/chunks/node_modules_next_dist_client_0fhqo1d._.js:13299
[  522170ms] [ERROR] WebSocket connection to 'ws://localhost:3000/_next/webpack-hmr?id=yl2gk4590S5oQsMHNXPI5' failed: Error in connection establishment: net::ERR_CONNECTION_REFUSED @ http://localhost:3000/_next/static/chunks/node_modules_next_dist_client_0fhqo1d._.js:13299
[  527173ms] [LOG] [HMR] connected @ http://localhost:3000/_next/static/chunks/node_modules_next_dist_115brz8._.js:2431
[  527294ms] [WARNING] <link rel=preload> has an unsupported `type` value @ http://localhost:3000/:0
[  527294ms] [WARNING] <link rel=preload> has an unsupported `type` value @ http://localhost:3000/:0
[  527294ms] [WARNING] <link rel=preload> has an unsupported `type` value @ http://localhost:3000/:0
[  527297ms] [WARNING] <link rel=preload> has an unsupported `type` value @ http://localhost:3000/:0
[  527297ms] [WARNING] <link rel=preload> has an unsupported `type` value @ http://localhost:3000/:0
[  527297ms] [WARNING] <link rel=preload> has an unsupported `type` value @ http://localhost:3000/:0
[  527318ms] [INFO] %cDownload the React DevTools for a better development experience: https://react.dev/link/react-devtools font-weight:bold @ http://localhost:3000/_next/static/chunks/node_modules_next_dist_115brz8._.js:2431
[  527333ms] [LOG] [HMR] connected @ http://localhost:3000/_next/static/chunks/node_modules_next_dist_115brz8._.js:2431
[  687819ms] [LOG] [Fast Refresh] rebuilding @ http://localhost:3000/_next/static/chunks/node_modules_next_dist_115brz8._.js:2431
[  688412ms] [LOG] [Fast Refresh] done in 694ms @ http://localhost:3000/_next/static/chunks/node_modules_next_dist_115brz8._.js:2431
[  689263ms] [LOG] [Fast Refresh] rebuilding @ http://localhost:3000/_next/static/chunks/node_modules_next_dist_115brz8._.js:2431
[  689300ms] [LOG] [Fast Refresh] done in 139ms @ http://localhost:3000/_next/static/chunks/node_modules_next_dist_115brz8._.js:2431
[  689630ms] [LOG] [Fast Refresh] rebuilding @ http://localhost:3000/_next/static/chunks/node_modules_next_dist_115brz8._.js:2431
[  689652ms] [LOG] [Fast Refresh] done in 123ms @ http://localhost:3000/_next/static/chunks/node_modules_next_dist_115brz8._.js:2431
[  689754ms] [LOG] [Fast Refresh] rebuilding @ http://localhost:3000/_next/static/chunks/node_modules_next_dist_115brz8._.js:2431
[  689787ms] [LOG] [Fast Refresh] done in 134ms @ http://localhost:3000/_next/static/chunks/node_modules_next_dist_115brz8._.js:2431
[  690190ms] [LOG] [Fast Refresh] rebuilding @ http://localhost:3000/_next/static/chunks/node_modules_next_dist_115brz8._.js:2431
[  690215ms] [LOG] [Fast Refresh] done in 124ms @ http://localhost:3000/_next/static/chunks/node_modules_next_dist_115brz8._.js:2431
[  706331ms] [ERROR] WebSocket connection to 'ws://localhost:3000/_next/webpack-hmr?id=yYzvQltuRBhkPE_nbkNfN' failed: Error in connection establishment: net::ERR_CONNECTION_REFUSED @ http://localhost:3000/_next/static/chunks/node_modules_next_dist_client_0fhqo1d._.js:13299
[  707339ms] [ERROR] WebSocket connection to 'ws://localhost:3000/_next/webpack-hmr?id=yYzvQltuRBhkPE_nbkNfN' failed: Error in connection establishment: net::ERR_CONNECTION_REFUSED @ http://localhost:3000/_next/static/chunks/node_modules_next_dist_client_0fhqo1d._.js:13299
[  708434ms] [LOG] [HMR] connected @ http://localhost:3000/_next/static/chunks/node_modules_next_dist_115brz8._.js:2431
[  710983ms] [WARNING] <link rel=preload> has an unsupported `type` value @ http://localhost:3000/:0
[  710983ms] [WARNING] <link rel=preload> has an unsupported `type` value @ http://localhost:3000/:0
[  710983ms] [WARNING] <link rel=preload> has an unsupported `type` value @ http://localhost:3000/:0
[  710991ms] [WARNING] <link rel=preload> has an unsupported `type` value @ http://localhost:3000/:0
[  710991ms] [WARNING] <link rel=preload> has an unsupported `type` value @ http://localhost:3000/:0
[  710991ms] [WARNING] <link rel=preload> has an unsupported `type` value @ http://localhost:3000/:0
[  711115ms] [INFO] %cDownload the React DevTools for a better development experience: https://react.dev/link/react-devtools font-weight:bold @ http://localhost:3000/_next/static/chunks/node_modules_next_dist_115brz8._.js:2431
[  711125ms] [LOG] [HMR] connected @ http://localhost:3000/_next/static/chunks/node_modules_next_dist_115brz8._.js:2431
[  727605ms] [LOG] [Fast Refresh] rebuilding @ http://localhost:3000/_next/static/chunks/node_modules_next_dist_115brz8._.js:2431
[  727723ms] [LOG] [Fast Refresh] done in 218ms @ http://localhost:3000/_next/static/chunks/node_modules_next_dist_115brz8._.js:2431
[  727894ms] [LOG] [Fast Refresh] rebuilding @ http://localhost:3000/_next/static/chunks/node_modules_next_dist_115brz8._.js:2431
[  727900ms] [LOG] [Fast Refresh] done in 107ms @ http://localhost:3000/_next/static/chunks/node_modules_next_dist_115brz8._.js:2431
[  728061ms] [LOG] [Fast Refresh] rebuilding @ http://localhost:3000/_next/static/chunks/node_modules_next_dist_115brz8._.js:2431
[  728096ms] [LOG] [Fast Refresh] done in 135ms @ http://localhost:3000/_next/static/chunks/node_modules_next_dist_115brz8._.js:2431
[  728197ms] [LOG] [Fast Refresh] rebuilding @ http://localhost:3000/_next/static/chunks/node_modules_next_dist_115brz8._.js:2431
[  728210ms] [LOG] [Fast Refresh] done in 115ms @ http://localhost:3000/_next/static/chunks/node_modules_next_dist_115brz8._.js:2431
[  806759ms] [LOG] [Fast Refresh] rebuilding @ http://localhost:3000/_next/static/chunks/node_modules_next_dist_115brz8._.js:2431
[  807547ms] [LOG] [Fast Refresh] done in 891ms @ http://localhost:3000/_next/static/chunks/node_modules_next_dist_115brz8._.js:2431
[  841035ms] [LOG] [Fast Refresh] rebuilding @ http://localhost:3000/_next/static/chunks/node_modules_next_dist_115brz8._.js:2431
[  841496ms] [LOG] [Fast Refresh] done in 534ms @ http://localhost:3000/_next/static/chunks/node_modules_next_dist_115brz8._.js:2431
[  941974ms] [LOG] [Fast Refresh] rebuilding @ http://localhost:3000/_next/static/chunks/node_modules_next_dist_115brz8._.js:2431
[  942876ms] [LOG] [Fast Refresh] done in 971ms @ http://localhost:3000/_next/static/chunks/node_modules_next_dist_115brz8._.js:2431
[  944040ms] [LOG] [Fast Refresh] rebuilding @ http://localhost:3000/_next/static/chunks/node_modules_next_dist_115brz8._.js:2431
[  944468ms] [LOG] [Fast Refresh] done in 529ms @ http://localhost:3000/_next/static/chunks/node_modules_next_dist_115brz8._.js:2431
[  960158ms] [LOG] [Fast Refresh] rebuilding @ http://localhost:3000/_next/static/chunks/node_modules_next_dist_115brz8._.js:2431
[  960168ms] [LOG] [Fast Refresh] done in 111ms @ http://localhost:3000/_next/static/chunks/node_modules_next_dist_115brz8._.js:2431
[  971706ms] [LOG] [Fast Refresh] rebuilding @ http://localhost:3000/_next/static/chunks/node_modules_next_dist_115brz8._.js:2431
[  971739ms] [LOG] [Fast Refresh] done in 134ms @ http://localhost:3000/_next/static/chunks/node_modules_next_dist_115brz8._.js:2431
[  973431ms] [LOG] [Fast Refresh] rebuilding @ http://localhost:3000/_next/static/chunks/node_modules_next_dist_115brz8._.js:2431
[  973520ms] [LOG] [Fast Refresh] done in 190ms @ http://localhost:3000/_next/static/chunks/node_modules_next_dist_115brz8._.js:2431
[ 1007430ms] [LOG] [Fast Refresh] rebuilding @ http://localhost:3000/_next/static/chunks/node_modules_next_dist_115brz8._.js:2431
[ 1007437ms] [LOG] [Fast Refresh] done in 107ms @ http://localhost:3000/_next/static/chunks/node_modules_next_dist_115brz8._.js:2431
[ 1042931ms] [WARNING] <link rel=preload> has an unsupported `type` value @ http://localhost:3000/:0
[ 1042931ms] [WARNING] <link rel=preload> has an unsupported `type` value @ http://localhost:3000/:0
[ 1042931ms] [WARNING] <link rel=preload> has an unsupported `type` value @ http://localhost:3000/:0
[ 1042934ms] [WARNING] <link rel=preload> has an unsupported `type` value @ http://localhost:3000/:0
[ 1042934ms] [WARNING] <link rel=preload> has an unsupported `type` value @ http://localhost:3000/:0
[ 1042934ms] [WARNING] <link rel=preload> has an unsupported `type` value @ http://localhost:3000/:0
[ 1042989ms] [INFO] %cDownload the React DevTools for a better development experience: https://react.dev/link/react-devtools font-weight:bold @ http://localhost:3000/_next/static/chunks/node_modules_next_dist_115brz8._.js:2431
[ 1043005ms] [LOG] [HMR] connected @ http://localhost:3000/_next/static/chunks/node_modules_next_dist_115brz8._.js:2431
[ 1043802ms] [WARNING] <link rel=preload> has an unsupported `type` value @ http://localhost:3000/:0
[ 1043802ms] [WARNING] <link rel=preload> has an unsupported `type` value @ http://localhost:3000/:0
[ 1043802ms] [WARNING] <link rel=preload> has an unsupported `type` value @ http://localhost:3000/:0
[ 1043805ms] [WARNING] <link rel=preload> has an unsupported `type` value @ http://localhost:3000/:0
[ 1043805ms] [WARNING] <link rel=preload> has an unsupported `type` value @ http://localhost:3000/:0
[ 1043805ms] [WARNING] <link rel=preload> has an unsupported `type` value @ http://localhost:3000/:0
[ 1043848ms] [INFO] %cDownload the React DevTools for a better development experience: https://react.dev/link/react-devtools font-weight:bold @ http://localhost:3000/_next/static/chunks/node_modules_next_dist_115brz8._.js:2431
[ 1043855ms] [LOG] [HMR] connected @ http://localhost:3000/_next/static/chunks/node_modules_next_dist_115brz8._.js:2431
[ 1139388ms] [LOG] [Fast Refresh] rebuilding @ http://localhost:3000/_next/static/chunks/node_modules_next_dist_115brz8._.js:2431
[ 1146031ms] [LOG] [Fast Refresh] done in 6712ms @ http://localhost:3000/_next/static/chunks/node_modules_next_dist_115brz8._.js:2431
[ 1149514ms] [LOG] [Fast Refresh] rebuilding @ http://localhost:3000/_next/static/chunks/node_modules_next_dist_115brz8._.js:2431
[ 1149956ms] [LOG] [Fast Refresh] done in 544ms @ http://localhost:3000/_next/static/chunks/node_modules_next_dist_115brz8._.js:2431
[ 1155672ms] [ERROR] WebSocket connection to 'ws://localhost:3000/_next/webpack-hmr?id=h-fovrt2Gr4kok1AHc5sZ' failed: Error in connection establishment: net::ERR_CONNECTION_REFUSED @ http://localhost:3000/_next/static/chunks/node_modules_next_dist_client_0fhqo1d._.js:13299
[ 1156676ms] [ERROR] WebSocket connection to 'ws://localhost:3000/_next/webpack-hmr?id=h-fovrt2Gr4kok1AHc5sZ' failed: Error in connection establishment: net::ERR_CONNECTION_REFUSED @ http://localhost:3000/_next/static/chunks/node_modules_next_dist_client_0fhqo1d._.js:13299
[ 1157679ms] [ERROR] WebSocket connection to 'ws://localhost:3000/_next/webpack-hmr?id=h-fovrt2Gr4kok1AHc5sZ' failed: Error in connection establishment: net::ERR_CONNECTION_REFUSED @ http://localhost:3000/_next/static/chunks/node_modules_next_dist_client_0fhqo1d._.js:13299
[ 1158681ms] [ERROR] WebSocket connection to 'ws://localhost:3000/_next/webpack-hmr?id=h-fovrt2Gr4kok1AHc5sZ' failed: Error in connection establishment: net::ERR_CONNECTION_REFUSED @ http://localhost:3000/_next/static/chunks/node_modules_next_dist_client_0fhqo1d._.js:13299
[ 1160374ms] [LOG] [HMR] connected @ http://localhost:3000/_next/static/chunks/node_modules_next_dist_115brz8._.js:2431
[ 1161918ms] [WARNING] <link rel=preload> has an unsupported `type` value @ http://localhost:3000/:0
[ 1161918ms] [WARNING] <link rel=preload> has an unsupported `type` value @ http://localhost:3000/:0
[ 1161918ms] [WARNING] <link rel=preload> has an unsupported `type` value @ http://localhost:3000/:0
[ 1161923ms] [WARNING] <link rel=preload> has an unsupported `type` value @ http://localhost:3000/:0
[ 1161923ms] [WARNING] <link rel=preload> has an unsupported `type` value @ http://localhost:3000/:0
[ 1161923ms] [WARNING] <link rel=preload> has an unsupported `type` value @ http://localhost:3000/:0
[ 1161985ms] [INFO] %cDownload the React DevTools for a better development experience: https://react.dev/link/react-devtools font-weight:bold @ http://localhost:3000/_next/static/chunks/node_modules_next_dist_115brz8._.js:2431
[ 1162005ms] [LOG] [HMR] connected @ http://localhost:3000/_next/static/chunks/node_modules_next_dist_115brz8._.js:2431
[ 1174597ms] [WARNING] <link rel=preload> has an unsupported `type` value @ http://localhost:3000/:0
[ 1174597ms] [WARNING] <link rel=preload> has an unsupported `type` value @ http://localhost:3000/:0
[ 1174597ms] [WARNING] <link rel=preload> has an unsupported `type` value @ http://localhost:3000/:0
[ 1174600ms] [WARNING] <link rel=preload> has an unsupported `type` value @ http://localhost:3000/:0
[ 1174600ms] [WARNING] <link rel=preload> has an unsupported `type` value @ http://localhost:3000/:0
[ 1174600ms] [WARNING] <link rel=preload> has an unsupported `type` value @ http://localhost:3000/:0
[ 1174613ms] [INFO] %cDownload the React DevTools for a better development experience: https://react.dev/link/react-devtools font-weight:bold @ http://localhost:3000/_next/static/chunks/node_modules_next_dist_115brz8._.js:2431
[ 1174622ms] [LOG] [HMR] connected @ http://localhost:3000/_next/static/chunks/node_modules_next_dist_115brz8._.js:2431
[ 1175760ms] [WARNING] <link rel=preload> has an unsupported `type` value @ http://localhost:3000/:0
[ 1175761ms] [WARNING] <link rel=preload> has an unsupported `type` value @ http://localhost:3000/:0
[ 1175761ms] [WARNING] <link rel=preload> has an unsupported `type` value @ http://localhost:3000/:0
[ 1175763ms] [WARNING] <link rel=preload> has an unsupported `type` value @ http://localhost:3000/:0
[ 1175763ms] [WARNING] <link rel=preload> has an unsupported `type` value @ http://localhost:3000/:0
[ 1175763ms] [WARNING] <link rel=preload> has an unsupported `type` value @ http://localhost:3000/:0
[ 1175779ms] [INFO] %cDownload the React DevTools for a better development experience: https://react.dev/link/react-devtools font-weight:bold @ http://localhost:3000/_next/static/chunks/node_modules_next_dist_115brz8._.js:2431
[ 1175788ms] [LOG] [HMR] connected @ http://localhost:3000/_next/static/chunks/node_modules_next_dist_115brz8._.js:2431
[ 1180184ms] [WARNING] <link rel=preload> has an unsupported `type` value @ http://localhost:3000/medical-healthcare:0
[ 1180184ms] [WARNING] <link rel=preload> has an unsupported `type` value @ http://localhost:3000/medical-healthcare:0
[ 1180184ms] [WARNING] <link rel=preload> has an unsupported `type` value @ http://localhost:3000/medical-healthcare:0
[ 1180190ms] [WARNING] <link rel=preload> has an unsupported `type` value @ http://localhost:3000/medical-healthcare:0
[ 1180190ms] [WARNING] <link rel=preload> has an unsupported `type` value @ http://localhost:3000/medical-healthcare:0
[ 1180190ms] [WARNING] <link rel=preload> has an unsupported `type` value @ http://localhost:3000/medical-healthcare:0
[ 1180221ms] [INFO] %cDownload the React DevTools for a better development experience: https://react.dev/link/react-devtools font-weight:bold @ http://localhost:3000/_next/static/chunks/node_modules_next_dist_115brz8._.js:2431
[ 1180232ms] [LOG] [HMR] connected @ http://localhost:3000/_next/static/chunks/node_modules_next_dist_115brz8._.js:2431
[ 1180273ms] [WARNING] <link rel=preload> has an unsupported `type` value @ http://localhost:3000/medical-healthcare:0
[ 1180273ms] [WARNING] <link rel=preload> has an unsupported `type` value @ http://localhost:3000/medical-healthcare:0
[ 1180273ms] [WARNING] <link rel=preload> has an unsupported `type` value @ http://localhost:3000/medical-healthcare:0
[ 1180273ms] [ERROR] Failed to load resource: the server responded with a status of 404 (Not Found) @ http://localhost:3000/images/Soroka-mobile.png:0
[ 1183166ms] [WARNING] <link rel=preload> has an unsupported `type` value @ http://localhost:3000/:0
[ 1183166ms] [WARNING] <link rel=preload> has an unsupported `type` value @ http://localhost:3000/:0
[ 1183166ms] [WARNING] <link rel=preload> has an unsupported `type` value @ http://localhost:3000/:0
[ 1183170ms] [WARNING] <link rel=preload> has an unsupported `type` value @ http://localhost:3000/:0
[ 1183170ms] [WARNING] <link rel=preload> has an unsupported `type` value @ http://localhost:3000/:0
[ 1183170ms] [WARNING] <link rel=preload> has an unsupported `type` value @ http://localhost:3000/:0
[ 1183186ms] [INFO] %cDownload the React DevTools for a better development experience: https://react.dev/link/react-devtools font-weight:bold @ http://localhost:3000/_next/static/chunks/node_modules_next_dist_115brz8._.js:2431
[ 1183193ms] [LOG] [HMR] connected @ http://localhost:3000/_next/static/chunks/node_modules_next_dist_115brz8._.js:2431
[ 1185997ms] [WARNING] <link rel=preload> has an unsupported `type` value @ http://localhost:3000/:0
[ 1185997ms] [WARNING] <link rel=preload> has an unsupported `type` value @ http://localhost:3000/:0
[ 1185997ms] [WARNING] <link rel=preload> has an unsupported `type` value @ http://localhost:3000/:0
[ 1186000ms] [WARNING] <link rel=preload> has an unsupported `type` value @ http://localhost:3000/:0
[ 1186000ms] [WARNING] <link rel=preload> has an unsupported `type` value @ http://localhost:3000/:0
[ 1186000ms] [WARNING] <link rel=preload> has an unsupported `type` value @ http://localhost:3000/:0
[ 1186019ms] [INFO] %cDownload the React DevTools for a better development experience: https://react.dev/link/react-devtools font-weight:bold @ http://localhost:3000/_next/static/chunks/node_modules_next_dist_115brz8._.js:2431
[ 1186029ms] [LOG] [HMR] connected @ http://localhost:3000/_next/static/chunks/node_modules_next_dist_115brz8._.js:2431
[ 1188057ms] [LOG] [Fast Refresh] rebuilding @ http://localhost:3000/_next/static/chunks/node_modules_next_dist_115brz8._.js:2431
[ 1188431ms] [LOG] [Fast Refresh] done in 475ms @ http://localhost:3000/_next/static/chunks/node_modules_next_dist_115brz8._.js:2431
[ 1188442ms] [WARNING] <link rel=preload> has an unsupported `type` value @ http://localhost:3000/cyber-security:0
[ 1188442ms] [WARNING] <link rel=preload> has an unsupported `type` value @ http://localhost:3000/cyber-security:0
[ 1188442ms] [WARNING] <link rel=preload> has an unsupported `type` value @ http://localhost:3000/cyber-security:0
[ 1188447ms] [WARNING] <link rel=preload> has an unsupported `type` value @ http://localhost:3000/cyber-security:0
[ 1188447ms] [WARNING] <link rel=preload> has an unsupported `type` value @ http://localhost:3000/cyber-security:0
[ 1188447ms] [WARNING] <link rel=preload> has an unsupported `type` value @ http://localhost:3000/cyber-security:0
[ 1188475ms] [INFO] %cDownload the React DevTools for a better development experience: https://react.dev/link/react-devtools font-weight:bold @ http://localhost:3000/_next/static/chunks/node_modules_next_dist_115brz8._.js:2431
[ 1188488ms] [LOG] [HMR] connected @ http://localhost:3000/_next/static/chunks/node_modules_next_dist_115brz8._.js:2431
[ 1316013ms] [LOG] [Fast Refresh] rebuilding @ http://localhost:3000/_next/static/chunks/node_modules_next_dist_115brz8._.js:2431
[ 1316501ms] [LOG] [Fast Refresh] done in 589ms @ http://localhost:3000/_next/static/chunks/node_modules_next_dist_115brz8._.js:2431
[ 1316960ms] [LOG] [Fast Refresh] rebuilding @ http://localhost:3000/_next/static/chunks/node_modules_next_dist_115brz8._.js:2431
[ 1316971ms] [LOG] [Fast Refresh] done in 112ms @ http://localhost:3000/_next/static/chunks/node_modules_next_dist_115brz8._.js:2431
[ 1317154ms] [LOG] [Fast Refresh] rebuilding @ http://localhost:3000/_next/static/chunks/node_modules_next_dist_115brz8._.js:2431
[ 1317169ms] [LOG] [Fast Refresh] done in 115ms @ http://localhost:3000/_next/static/chunks/node_modules_next_dist_115brz8._.js:2431
[ 1329540ms] [WARNING] <link rel=preload> has an unsupported `type` value @ http://localhost:3000/cyber-security:0
[ 1329540ms] [WARNING] <link rel=preload> has an unsupported `type` value @ http://localhost:3000/cyber-security:0
[ 1329540ms] [WARNING] <link rel=preload> has an unsupported `type` value @ http://localhost:3000/cyber-security:0
[ 1329544ms] [WARNING] <link rel=preload> has an unsupported `type` value @ http://localhost:3000/cyber-security:0
[ 1329544ms] [WARNING] <link rel=preload> has an unsupported `type` value @ http://localhost:3000/cyber-security:0
[ 1329544ms] [WARNING] <link rel=preload> has an unsupported `type` value @ http://localhost:3000/cyber-security:0
[ 1329711ms] [INFO] %cDownload the React DevTools for a better development experience: https://react.dev/link/react-devtools font-weight:bold @ http://localhost:3000/_next/static/chunks/node_modules_next_dist_115brz8._.js:2431
[ 1329736ms] [LOG] [HMR] connected @ http://localhost:3000/_next/static/chunks/node_modules_next_dist_115brz8._.js:2431
[ 1333303ms] [WARNING] <link rel=preload> has an unsupported `type` value @ http://localhost:3000/gaming:0
[ 1333303ms] [WARNING] <link rel=preload> has an unsupported `type` value @ http://localhost:3000/gaming:0
[ 1333304ms] [WARNING] <link rel=preload> has an unsupported `type` value @ http://localhost:3000/gaming:0
[ 1333308ms] [WARNING] <link rel=preload> has an unsupported `type` value @ http://localhost:3000/gaming:0
[ 1333308ms] [WARNING] <link rel=preload> has an unsupported `type` value @ http://localhost:3000/gaming:0
[ 1333308ms] [WARNING] <link rel=preload> has an unsupported `type` value @ http://localhost:3000/gaming:0
[ 1333374ms] [WARNING] <link rel=preload> has an unsupported `type` value @ http://localhost:3000/gaming:0
[ 1333374ms] [WARNING] <link rel=preload> has an unsupported `type` value @ http://localhost:3000/gaming:0
[ 1333374ms] [WARNING] <link rel=preload> has an unsupported `type` value @ http://localhost:3000/gaming:0
[ 1333374ms] [ERROR] Failed to load resource: the server responded with a status of 404 (Not Found) @ http://localhost:3000/images/cha-games-mobile.png:0
[ 1333384ms] [INFO] %cDownload the React DevTools for a better development experience: https://react.dev/link/react-devtools font-weight:bold @ http://localhost:3000/_next/static/chunks/node_modules_next_dist_115brz8._.js:2431
[ 1333396ms] [LOG] [HMR] connected @ http://localhost:3000/_next/static/chunks/node_modules_next_dist_115brz8._.js:2431
[ 1333424ms] [WARNING] <link rel=preload> has an unsupported `type` value @ http://localhost:3000/gaming:0
[ 1333424ms] [WARNING] <link rel=preload> has an unsupported `type` value @ http://localhost:3000/gaming:0
[ 1333424ms] [WARNING] <link rel=preload> has an unsupported `type` value @ http://localhost:3000/gaming:0
[ 1333424ms] [ERROR] Failed to load resource: the server responded with a status of 404 (Not Found) @ http://localhost:3000/images/aspire-golobal-mobile.png:0
[ 1333456ms] [WARNING] <link rel=preload> has an unsupported `type` value @ http://localhost:3000/gaming:0
[ 1333456ms] [WARNING] <link rel=preload> has an unsupported `type` value @ http://localhost:3000/gaming:0
[ 1333456ms] [WARNING] <link rel=preload> has an unsupported `type` value @ http://localhost:3000/gaming:0
[ 1333456ms] [ERROR] Failed to load resource: the server responded with a status of 404 (Not Found) @ http://localhost:3000/images/survivor-mobile.png:0
[ 1336389ms] [WARNING] <link rel=preload> has an unsupported `type` value @ http://localhost:3000/medical-healthcare:0
[ 1336389ms] [WARNING] <link rel=preload> has an unsupported `type` value @ http://localhost:3000/medical-healthcare:0
[ 1336389ms] [WARNING] <link rel=preload> has an unsupported `type` value @ http://localhost:3000/medical-healthcare:0
[ 1336398ms] [WARNING] <link rel=preload> has an unsupported `type` value @ http://localhost:3000/medical-healthcare:0
[ 1336398ms] [WARNING] <link rel=preload> has an unsupported `type` value @ http://localhost:3000/medical-healthcare:0
[ 1336398ms] [WARNING] <link rel=preload> has an unsupported `type` value @ http://localhost:3000/medical-healthcare:0
[ 1336454ms] [INFO] %cDownload the React DevTools for a better development experience: https://react.dev/link/react-devtools font-weight:bold @ http://localhost:3000/_next/static/chunks/node_modules_next_dist_115brz8._.js:2431
[ 1336469ms] [LOG] [HMR] connected @ http://localhost:3000/_next/static/chunks/node_modules_next_dist_115brz8._.js:2431
[ 1336491ms] [WARNING] <link rel=preload> has an unsupported `type` value @ http://localhost:3000/medical-healthcare:0
[ 1336491ms] [WARNING] <link rel=preload> has an unsupported `type` value @ http://localhost:3000/medical-healthcare:0
[ 1336491ms] [WARNING] <link rel=preload> has an unsupported `type` value @ http://localhost:3000/medical-healthcare:0
[ 1336491ms] [ERROR] Failed to load resource: the server responded with a status of 404 (Not Found) @ http://localhost:3000/images/Soroka-mobile.png:0
[ 1338477ms] [LOG] [Fast Refresh] rebuilding @ http://localhost:3000/_next/static/chunks/node_modules_next_dist_115brz8._.js:2431
[ 1338622ms] [LOG] [Fast Refresh] done in 247ms @ http://localhost:3000/_next/static/chunks/node_modules_next_dist_115brz8._.js:2431
[ 1338627ms] [WARNING] <link rel=preload> has an unsupported `type` value @ http://localhost:3000/startups-tech:0
[ 1338627ms] [WARNING] <link rel=preload> has an unsupported `type` value @ http://localhost:3000/startups-tech:0
[ 1338627ms] [WARNING] <link rel=preload> has an unsupported `type` value @ http://localhost:3000/startups-tech:0
[ 1338632ms] [WARNING] <link rel=preload> has an unsupported `type` value @ http://localhost:3000/startups-tech:0
[ 1338632ms] [WARNING] <link rel=preload> has an unsupported `type` value @ http://localhost:3000/startups-tech:0
[ 1338632ms] [WARNING] <link rel=preload> has an unsupported `type` value @ http://localhost:3000/startups-tech:0
[ 1338660ms] [INFO] %cDownload the React DevTools for a better development experience: https://react.dev/link/react-devtools font-weight:bold @ http://localhost:3000/_next/static/chunks/node_modules_next_dist_115brz8._.js:2431
[ 1338671ms] [LOG] [HMR] connected @ http://localhost:3000/_next/static/chunks/node_modules_next_dist_115brz8._.js:2431
[ 1340591ms] [LOG] [Fast Refresh] rebuilding @ http://localhost:3000/_next/static/chunks/node_modules_next_dist_115brz8._.js:2431
[ 1340727ms] [LOG] [Fast Refresh] done in 237ms @ http://localhost:3000/_next/static/chunks/node_modules_next_dist_115brz8._.js:2431
[ 1340733ms] [WARNING] <link rel=preload> has an unsupported `type` value @ http://localhost:3000/saas-platforms:0
[ 1340733ms] [WARNING] <link rel=preload> has an unsupported `type` value @ http://localhost:3000/saas-platforms:0
[ 1340733ms] [WARNING] <link rel=preload> has an unsupported `type` value @ http://localhost:3000/saas-platforms:0
[ 1340738ms] [WARNING] <link rel=preload> has an unsupported `type` value @ http://localhost:3000/saas-platforms:0
[ 1340738ms] [WARNING] <link rel=preload> has an unsupported `type` value @ http://localhost:3000/saas-platforms:0
[ 1340738ms] [WARNING] <link rel=preload> has an unsupported `type` value @ http://localhost:3000/saas-platforms:0
[ 1340781ms] [INFO] %cDownload the React DevTools for a better development experience: https://react.dev/link/react-devtools font-weight:bold @ http://localhost:3000/_next/static/chunks/node_modules_next_dist_115brz8._.js:2431
[ 1340796ms] [LOG] [HMR] connected @ http://localhost:3000/_next/static/chunks/node_modules_next_dist_115brz8._.js:2431
[ 1342637ms] [LOG] [Fast Refresh] rebuilding @ http://localhost:3000/_next/static/chunks/node_modules_next_dist_115brz8._.js:2431
[ 1342904ms] [LOG] [Fast Refresh] done in 372ms @ http://localhost:3000/_next/static/chunks/node_modules_next_dist_115brz8._.js:2431
[ 1342912ms] [WARNING] <link rel=preload> has an unsupported `type` value @ http://localhost:3000/services:0
[ 1342912ms] [WARNING] <link rel=preload> has an unsupported `type` value @ http://localhost:3000/services:0
[ 1342912ms] [WARNING] <link rel=preload> has an unsupported `type` value @ http://localhost:3000/services:0
[ 1342915ms] [WARNING] <link rel=preload> has an unsupported `type` value @ http://localhost:3000/services:0
[ 1342915ms] [WARNING] <link rel=preload> has an unsupported `type` value @ http://localhost:3000/services:0
[ 1342915ms] [WARNING] <link rel=preload> has an unsupported `type` value @ http://localhost:3000/services:0
[ 1342927ms] [INFO] %cDownload the React DevTools for a better development experience: https://react.dev/link/react-devtools font-weight:bold @ http://localhost:3000/_next/static/chunks/node_modules_next_dist_115brz8._.js:2431
[ 1342937ms] [LOG] [HMR] connected @ http://localhost:3000/_next/static/chunks/node_modules_next_dist_115brz8._.js:2431
[ 1343035ms] [WARNING] jQuery.Deferred exception: gsap is not defined ReferenceError: gsap is not defined
    at HTMLDocument.<anonymous> (http://localhost:3000/assets/_shared/all.js:2:515)
    at e (http://localhost:3000/assets/_shared/jquery-3.6.0.min.js:2:30038)
    at t (http://localhost:3000/assets/_shared/jquery-3.6.0.min.js:2:30340) undefined @ http://localhost:3000/_next/static/chunks/node_modules_next_dist_115brz8._.js:2431
[ 1343044ms] ReferenceError: gsap is not defined
    at HTMLDocument.<anonymous> (http://localhost:3000/assets/_shared/all.js:2:515)
    at e (http://localhost:3000/assets/_shared/jquery-3.6.0.min.js:2:30038)
    at t (http://localhost:3000/assets/_shared/jquery-3.6.0.min.js:2:30340)
[ 1348419ms] [LOG] [Fast Refresh] rebuilding @ http://localhost:3000/_next/static/chunks/node_modules_next_dist_115brz8._.js:2431
[ 1348665ms] [LOG] [Fast Refresh] done in 347ms @ http://localhost:3000/_next/static/chunks/node_modules_next_dist_115brz8._.js:2431
[ 1348680ms] [WARNING] <link rel=preload> has an unsupported `type` value @ http://localhost:3000/technology:0
[ 1348680ms] [WARNING] <link rel=preload> has an unsupported `type` value @ http://localhost:3000/technology:0
[ 1348680ms] [WARNING] <link rel=preload> has an unsupported `type` value @ http://localhost:3000/technology:0
[ 1348683ms] [WARNING] <link rel=preload> has an unsupported `type` value @ http://localhost:3000/technology:0
[ 1348683ms] [WARNING] <link rel=preload> has an unsupported `type` value @ http://localhost:3000/technology:0
[ 1348683ms] [WARNING] <link rel=preload> has an unsupported `type` value @ http://localhost:3000/technology:0
[ 1348695ms] [INFO] %cDownload the React DevTools for a better development experience: https://react.dev/link/react-devtools font-weight:bold @ http://localhost:3000/_next/static/chunks/node_modules_next_dist_115brz8._.js:2431
[ 1348705ms] [LOG] [HMR] connected @ http://localhost:3000/_next/static/chunks/node_modules_next_dist_115brz8._.js:2431
[ 1348819ms] [WARNING] jQuery.Deferred exception: gsap is not defined ReferenceError: gsap is not defined
    at HTMLDocument.<anonymous> (http://localhost:3000/assets/_shared/all.js:2:515)
    at e (http://localhost:3000/assets/_shared/jquery-3.6.0.min.js:2:30038)
    at t (http://localhost:3000/assets/_shared/jquery-3.6.0.min.js:2:30340) undefined @ http://localhost:3000/_next/static/chunks/node_modules_next_dist_115brz8._.js:2431
[ 1348839ms] ReferenceError: gsap is not defined
    at HTMLDocument.<anonymous> (http://localhost:3000/assets/_shared/all.js:2:515)
    at e (http://localhost:3000/assets/_shared/jquery-3.6.0.min.js:2:30038)
    at t (http://localhost:3000/assets/_shared/jquery-3.6.0.min.js:2:30340)
[ 1365461ms] [LOG] [Fast Refresh] rebuilding @ http://localhost:3000/_next/static/chunks/node_modules_next_dist_115brz8._.js:2431
[ 1365583ms] [WARNING] <link rel=preload> has an unsupported `type` value @ http://localhost:3000/about-us:0
[ 1365583ms] [WARNING] <link rel=preload> has an unsupported `type` value @ http://localhost:3000/about-us:0
[ 1365583ms] [WARNING] <link rel=preload> has an unsupported `type` value @ http://localhost:3000/about-us:0
[ 1365585ms] [WARNING] <link rel=preload> has an unsupported `type` value @ http://localhost:3000/about-us:0
[ 1365585ms] [WARNING] <link rel=preload> has an unsupported `type` value @ http://localhost:3000/about-us:0
[ 1365585ms] [WARNING] <link rel=preload> has an unsupported `type` value @ http://localhost:3000/about-us:0
[ 1365605ms] [INFO] %cDownload the React DevTools for a better development experience: https://react.dev/link/react-devtools font-weight:bold @ http://localhost:3000/_next/static/chunks/node_modules_next_dist_115brz8._.js:2431
[ 1365622ms] [LOG] [HMR] connected @ http://localhost:3000/_next/static/chunks/node_modules_next_dist_115brz8._.js:2431
[ 1365721ms] TypeError: Cannot read properties of undefined (reading 'fn')
    at http://localhost:3000/assets/_shared/owl.carousel.js:1718:4
    at http://localhost:3000/assets/_shared/owl.carousel.js:1755:3
[ 1365741ms] ReferenceError: jQuery is not defined
    at http://localhost:3000/assets/_shared/metaview.js:83:4
[ 1365789ms] [WARNING] <link rel=preload> has an unsupported `type` value @ http://localhost:3000/about-us:0
[ 1365789ms] [WARNING] <link rel=preload> has an unsupported `type` value @ http://localhost:3000/about-us:0
[ 1365789ms] [WARNING] <link rel=preload> has an unsupported `type` value @ http://localhost:3000/about-us:0
[ 1365789ms] [ERROR] Failed to load resource: the server responded with a status of 404 (Not Found) @ http://localhost:3000/assets/undefined:0
[ 1366285ms] TypeError: $(...).visible is not a function
    at http://localhost:3000/assets/_shared/all.js:8:159
    at dispatch (http://localhost:3000/assets/_shared/jquery-3.6.0.min.js:2:43064)
    at v.handle (http://localhost:3000/assets/_shared/jquery-3.6.0.min.js:2:41048)
[ 1366291ms] TypeError: $(...).visible is not a function
    at http://localhost:3000/assets/_shared/all.js:8:159
    at dispatch (http://localhost:3000/assets/_shared/jquery-3.6.0.min.js:2:43064)
    at v.handle (http://localhost:3000/assets/_shared/jquery-3.6.0.min.js:2:41048)
[ 1366299ms] TypeError: $(...).visible is not a function
    at http://localhost:3000/assets/_shared/all.js:8:159
    at dispatch (http://localhost:3000/assets/_shared/jquery-3.6.0.min.js:2:43064)
    at v.handle (http://localhost:3000/assets/_shared/jquery-3.6.0.min.js:2:41048)
[ 1366310ms] TypeError: $(...).visible is not a function
    at http://localhost:3000/assets/_shared/all.js:8:159
    at dispatch (http://localhost:3000/assets/_shared/jquery-3.6.0.min.js:2:43064)
    at v.handle (http://localhost:3000/assets/_shared/jquery-3.6.0.min.js:2:41048)
[ 1366316ms] TypeError: $(...).visible is not a function
    at http://localhost:3000/assets/_shared/all.js:8:159
    at dispatch (http://localhost:3000/assets/_shared/jquery-3.6.0.min.js:2:43064)
    at v.handle (http://localhost:3000/assets/_shared/jquery-3.6.0.min.js:2:41048)
[ 1366494ms] TypeError: $(...).visible is not a function
    at http://localhost:3000/assets/_shared/all.js:8:159
    at dispatch (http://localhost:3000/assets/_shared/jquery-3.6.0.min.js:2:43064)
    at v.handle (http://localhost:3000/assets/_shared/jquery-3.6.0.min.js:2:41048)
[ 1366501ms] TypeError: $(...).visible is not a function
    at http://localhost:3000/assets/_shared/all.js:8:159
    at dispatch (http://localhost:3000/assets/_shared/jquery-3.6.0.min.js:2:43064)
    at v.handle (http://localhost:3000/assets/_shared/jquery-3.6.0.min.js:2:41048)
[ 1366507ms] TypeError: $(...).visible is not a function
    at http://localhost:3000/assets/_shared/all.js:8:159
    at dispatch (http://localhost:3000/assets/_shared/jquery-3.6.0.min.js:2:43064)
    at v.handle (http://localhost:3000/assets/_shared/jquery-3.6.0.min.js:2:41048)
[ 1366516ms] TypeError: $(...).visible is not a function
    at http://localhost:3000/assets/_shared/all.js:8:159
    at dispatch (http://localhost:3000/assets/_shared/jquery-3.6.0.min.js:2:43064)
    at v.handle (http://localhost:3000/assets/_shared/jquery-3.6.0.min.js:2:41048)
[ 1366524ms] TypeError: $(...).visible is not a function
    at http://localhost:3000/assets/_shared/all.js:8:159
    at dispatch (http://localhost:3000/assets/_shared/jquery-3.6.0.min.js:2:43064)
    at v.handle (http://localhost:3000/assets/_shared/jquery-3.6.0.min.js:2:41048)
[ 1366532ms] TypeError: $(...).visible is not a function
    at http://localhost:3000/assets/_shared/all.js:8:159
    at dispatch (http://localhost:3000/assets/_shared/jquery-3.6.0.min.js:2:43064)
    at v.handle (http://localhost:3000/assets/_shared/jquery-3.6.0.min.js:2:41048)
[ 1366540ms] TypeError: $(...).visible is not a function
    at http://localhost:3000/assets/_shared/all.js:8:159
    at dispatch (http://localhost:3000/assets/_shared/jquery-3.6.0.min.js:2:43064)
    at v.handle (http://localhost:3000/assets/_shared/jquery-3.6.0.min.js:2:41048)
[ 1366549ms] TypeError: $(...).visible is not a function
    at http://localhost:3000/assets/_shared/all.js:8:159
    at dispatch (http://localhost:3000/assets/_shared/jquery-3.6.0.min.js:2:43064)
    at v.handle (http://localhost:3000/assets/_shared/jquery-3.6.0.min.js:2:41048)
[ 1366557ms] TypeError: $(...).visible is not a function
    at http://localhost:3000/assets/_shared/all.js:8:159
    at dispatch (http://localhost:3000/assets/_shared/jquery-3.6.0.min.js:2:43064)
    at v.handle (http://localhost:3000/assets/_shared/jquery-3.6.0.min.js:2:41048)
[ 1366566ms] TypeError: $(...).visible is not a function
    at http://localhost:3000/assets/_shared/all.js:8:159
    at dispatch (http://localhost:3000/assets/_shared/jquery-3.6.0.min.js:2:43064)
    at v.handle (http://localhost:3000/assets/_shared/jquery-3.6.0.min.js:2:41048)
[ 1366574ms] TypeError: $(...).visible is not a function
    at http://localhost:3000/assets/_shared/all.js:8:159
    at dispatch (http://localhost:3000/assets/_shared/jquery-3.6.0.min.js:2:43064)
    at v.handle (http://localhost:3000/assets/_shared/jquery-3.6.0.min.js:2:41048)
[ 1366582ms] TypeError: $(...).visible is not a function
    at http://localhost:3000/assets/_shared/all.js:8:159
    at dispatch (http://localhost:3000/assets/_shared/jquery-3.6.0.min.js:2:43064)
    at v.handle (http://localhost:3000/assets/_shared/jquery-3.6.0.min.js:2:41048)
[ 1366591ms] TypeError: $(...).visible is not a function
    at http://localhost:3000/assets/_shared/all.js:8:159
    at dispatch (http://localhost:3000/assets/_shared/jquery-3.6.0.min.js:2:43064)
    at v.handle (http://localhost:3000/assets/_shared/jquery-3.6.0.min.js:2:41048)
[ 1366599ms] TypeError: $(...).visible is not a function
    at http://localhost:3000/assets/_shared/all.js:8:159
    at dispatch (http://localhost:3000/assets/_shared/jquery-3.6.0.min.js:2:43064)
    at v.handle (http://localhost:3000/assets/_shared/jquery-3.6.0.min.js:2:41048)
[ 1366607ms] TypeError: $(...).visible is not a function
    at http://localhost:3000/assets/_shared/all.js:8:159
    at dispatch (http://localhost:3000/assets/_shared/jquery-3.6.0.min.js:2:43064)
    at v.handle (http://localhost:3000/assets/_shared/jquery-3.6.0.min.js:2:41048)
[ 1366615ms] TypeError: $(...).visible is not a function
    at http://localhost:3000/assets/_shared/all.js:8:159
    at dispatch (http://localhost:3000/assets/_shared/jquery-3.6.0.min.js:2:43064)
    at v.handle (http://localhost:3000/assets/_shared/jquery-3.6.0.min.js:2:41048)
[ 1366624ms] TypeError: $(...).visible is not a function
    at http://localhost:3000/assets/_shared/all.js:8:159
    at dispatch (http://localhost:3000/assets/_shared/jquery-3.6.0.min.js:2:43064)
    at v.handle (http://localhost:3000/assets/_shared/jquery-3.6.0.min.js:2:41048)
[ 1366632ms] TypeError: $(...).visible is not a function
    at http://localhost:3000/assets/_shared/all.js:8:159
    at dispatch (http://localhost:3000/assets/_shared/jquery-3.6.0.min.js:2:43064)
    at v.handle (http://localhost:3000/assets/_shared/jquery-3.6.0.min.js:2:41048)
[ 1366641ms] TypeError: $(...).visible is not a function
    at http://localhost:3000/assets/_shared/all.js:8:159
    at dispatch (http://localhost:3000/assets/_shared/jquery-3.6.0.min.js:2:43064)
    at v.handle (http://localhost:3000/assets/_shared/jquery-3.6.0.min.js:2:41048)
[ 1366649ms] TypeError: $(...).visible is not a function
    at http://localhost:3000/assets/_shared/all.js:8:159
    at dispatch (http://localhost:3000/assets/_shared/jquery-3.6.0.min.js:2:43064)
    at v.handle (http://localhost:3000/assets/_shared/jquery-3.6.0.min.js:2:41048)
[ 1366657ms] TypeError: $(...).visible is not a function
    at http://localhost:3000/assets/_shared/all.js:8:159
    at dispatch (http://localhost:3000/assets/_shared/jquery-3.6.0.min.js:2:43064)
    at v.handle (http://localhost:3000/assets/_shared/jquery-3.6.0.min.js:2:41048)
[ 1366666ms] TypeError: $(...).visible is not a function
    at http://localhost:3000/assets/_shared/all.js:8:159
    at dispatch (http://localhost:3000/assets/_shared/jquery-3.6.0.min.js:2:43064)
    at v.handle (http://localhost:3000/assets/_shared/jquery-3.6.0.min.js:2:41048)
[ 1366674ms] TypeError: $(...).visible is not a function
    at http://localhost:3000/assets/_shared/all.js:8:159
    at dispatch (http://localhost:3000/assets/_shared/jquery-3.6.0.min.js:2:43064)
    at v.handle (http://localhost:3000/assets/_shared/jquery-3.6.0.min.js:2:41048)
[ 1366682ms] TypeError: $(...).visible is not a function
    at http://localhost:3000/assets/_shared/all.js:8:159
    at dispatch (http://localhost:3000/assets/_shared/jquery-3.6.0.min.js:2:43064)
    at v.handle (http://localhost:3000/assets/_shared/jquery-3.6.0.min.js:2:41048)
[ 1366691ms] TypeError: $(...).visible is not a function
    at http://localhost:3000/assets/_shared/all.js:8:159
    at dispatch (http://localhost:3000/assets/_shared/jquery-3.6.0.min.js:2:43064)
    at v.handle (http://localhost:3000/assets/_shared/jquery-3.6.0.min.js:2:41048)
[ 1366698ms] TypeError: $(...).visible is not a function
    at http://localhost:3000/assets/_shared/all.js:8:159
    at dispatch (http://localhost:3000/assets/_shared/jquery-3.6.0.min.js:2:43064)
    at v.handle (http://localhost:3000/assets/_shared/jquery-3.6.0.min.js:2:41048)
[ 1366707ms] TypeError: $(...).visible is not a function
    at http://localhost:3000/assets/_shared/all.js:8:159
    at dispatch (http://localhost:3000/assets/_shared/jquery-3.6.0.min.js:2:43064)
    at v.handle (http://localhost:3000/assets/_shared/jquery-3.6.0.min.js:2:41048)
[ 1366716ms] TypeError: $(...).visible is not a function
    at http://localhost:3000/assets/_shared/all.js:8:159
    at dispatch (http://localhost:3000/assets/_shared/jquery-3.6.0.min.js:2:43064)
    at v.handle (http://localhost:3000/assets/_shared/jquery-3.6.0.min.js:2:41048)
[ 1366724ms] TypeError: $(...).visible is not a function
    at http://localhost:3000/assets/_shared/all.js:8:159
    at dispatch (http://localhost:3000/assets/_shared/jquery-3.6.0.min.js:2:43064)
    at v.handle (http://localhost:3000/assets/_shared/jquery-3.6.0.min.js:2:41048)
[ 1366732ms] TypeError: $(...).visible is not a function
    at http://localhost:3000/assets/_shared/all.js:8:159
    at dispatch (http://localhost:3000/assets/_shared/jquery-3.6.0.min.js:2:43064)
    at v.handle (http://localhost:3000/assets/_shared/jquery-3.6.0.min.js:2:41048)
[ 1366740ms] TypeError: $(...).visible is not a function
    at http://localhost:3000/assets/_shared/all.js:8:159
    at dispatch (http://localhost:3000/assets/_shared/jquery-3.6.0.min.js:2:43064)
    at v.handle (http://localhost:3000/assets/_shared/jquery-3.6.0.min.js:2:41048)
[ 1366749ms] TypeError: $(...).visible is not a function
    at http://localhost:3000/assets/_shared/all.js:8:159
    at dispatch (http://localhost:3000/assets/_shared/jquery-3.6.0.min.js:2:43064)
    at v.handle (http://localhost:3000/assets/_shared/jquery-3.6.0.min.js:2:41048)
[ 1366757ms] TypeError: $(...).visible is not a function
    at http://localhost:3000/assets/_shared/all.js:8:159
    at dispatch (http://localhost:3000/assets/_shared/jquery-3.6.0.min.js:2:43064)
    at v.handle (http://localhost:3000/assets/_shared/jquery-3.6.0.min.js:2:41048)
[ 1366766ms] TypeError: $(...).visible is not a function
    at http://localhost:3000/assets/_shared/all.js:8:159
    at dispatch (http://localhost:3000/assets/_shared/jquery-3.6.0.min.js:2:43064)
    at v.handle (http://localhost:3000/assets/_shared/jquery-3.6.0.min.js:2:41048)
[ 1366774ms] TypeError: $(...).visible is not a function
    at http://localhost:3000/assets/_shared/all.js:8:159
    at dispatch (http://localhost:3000/assets/_shared/jquery-3.6.0.min.js:2:43064)
    at v.handle (http://localhost:3000/assets/_shared/jquery-3.6.0.min.js:2:41048)
[ 1366782ms] TypeError: $(...).visible is not a function
    at http://localhost:3000/assets/_shared/all.js:8:159
    at dispatch (http://localhost:3000/assets/_shared/jquery-3.6.0.min.js:2:43064)
    at v.handle (http://localhost:3000/assets/_shared/jquery-3.6.0.min.js:2:41048)
[ 1366790ms] TypeError: $(...).visible is not a function
    at http://localhost:3000/assets/_shared/all.js:8:159
    at dispatch (http://localhost:3000/assets/_shared/jquery-3.6.0.min.js:2:43064)
    at v.handle (http://localhost:3000/assets/_shared/jquery-3.6.0.min.js:2:41048)
[ 1366799ms] TypeError: $(...).visible is not a function
    at http://localhost:3000/assets/_shared/all.js:8:159
    at dispatch (http://localhost:3000/assets/_shared/jquery-3.6.0.min.js:2:43064)
    at v.handle (http://localhost:3000/assets/_shared/jquery-3.6.0.min.js:2:41048)
[ 1366807ms] TypeError: $(...).visible is not a function
    at http://localhost:3000/assets/_shared/all.js:8:159
    at dispatch (http://localhost:3000/assets/_shared/jquery-3.6.0.min.js:2:43064)
    at v.handle (http://localhost:3000/assets/_shared/jquery-3.6.0.min.js:2:41048)
[ 1366815ms] TypeError: $(...).visible is not a function
    at http://localhost:3000/assets/_shared/all.js:8:159
    at dispatch (http://localhost:3000/assets/_shared/jquery-3.6.0.min.js:2:43064)
    at v.handle (http://localhost:3000/assets/_shared/jquery-3.6.0.min.js:2:41048)
[ 1366824ms] TypeError: $(...).visible is not a function
    at http://localhost:3000/assets/_shared/all.js:8:159
    at dispatch (http://localhost:3000/assets/_shared/jquery-3.6.0.min.js:2:43064)
    at v.handle (http://localhost:3000/assets/_shared/jquery-3.6.0.min.js:2:41048)
[ 1366832ms] TypeError: $(...).visible is not a function
    at http://localhost:3000/assets/_shared/all.js:8:159
    at dispatch (http://localhost:3000/assets/_shared/jquery-3.6.0.min.js:2:43064)
    at v.handle (http://localhost:3000/assets/_shared/jquery-3.6.0.min.js:2:41048)
[ 1366840ms] TypeError: $(...).visible is not a function
    at http://localhost:3000/assets/_shared/all.js:8:159
    at dispatch (http://localhost:3000/assets/_shared/jquery-3.6.0.min.js:2:43064)
    at v.handle (http://localhost:3000/assets/_shared/jquery-3.6.0.min.js:2:41048)
[ 1366849ms] TypeError: $(...).visible is not a function
    at http://localhost:3000/assets/_shared/all.js:8:159
    at dispatch (http://localhost:3000/assets/_shared/jquery-3.6.0.min.js:2:43064)
    at v.handle (http://localhost:3000/assets/_shared/jquery-3.6.0.min.js:2:41048)
[ 1366857ms] TypeError: $(...).visible is not a function
    at http://localhost:3000/assets/_shared/all.js:8:159
    at dispatch (http://localhost:3000/assets/_shared/jquery-3.6.0.min.js:2:43064)
    at v.handle (http://localhost:3000/assets/_shared/jquery-3.6.0.min.js:2:41048)
[ 1366865ms] TypeError: $(...).visible is not a function
    at http://localhost:3000/assets/_shared/all.js:8:159
    at dispatch (http://localhost:3000/assets/_shared/jquery-3.6.0.min.js:2:43064)
    at v.handle (http://localhost:3000/assets/_shared/jquery-3.6.0.min.js:2:41048)
[ 1366873ms] TypeError: $(...).visible is not a function
    at http://localhost:3000/assets/_shared/all.js:8:159
    at dispatch (http://localhost:3000/assets/_shared/jquery-3.6.0.min.js:2:43064)
    at v.handle (http://localhost:3000/assets/_shared/jquery-3.6.0.min.js:2:41048)
[ 1366882ms] TypeError: $(...).visible is not a function
    at http://localhost:3000/assets/_shared/all.js:8:159
    at dispatch (http://localhost:3000/assets/_shared/jquery-3.6.0.min.js:2:43064)
    at v.handle (http://localhost:3000/assets/_shared/jquery-3.6.0.min.js:2:41048)
[ 1366890ms] TypeError: $(...).visible is not a function
    at http://localhost:3000/assets/_shared/all.js:8:159
    at dispatch (http://localhost:3000/assets/_shared/jquery-3.6.0.min.js:2:43064)
    at v.handle (http://localhost:3000/assets/_shared/jquery-3.6.0.min.js:2:41048)
[ 1366898ms] TypeError: $(...).visible is not a function
    at http://localhost:3000/assets/_shared/all.js:8:159
    at dispatch (http://localhost:3000/assets/_shared/jquery-3.6.0.min.js:2:43064)
    at v.handle (http://localhost:3000/assets/_shared/jquery-3.6.0.min.js:2:41048)
[ 1366907ms] TypeError: $(...).visible is not a function
    at http://localhost:3000/assets/_shared/all.js:8:159
    at dispatch (http://localhost:3000/assets/_shared/jquery-3.6.0.min.js:2:43064)
    at v.handle (http://localhost:3000/assets/_shared/jquery-3.6.0.min.js:2:41048)
[ 1366916ms] TypeError: $(...).visible is not a function
    at http://localhost:3000/assets/_shared/all.js:8:159
    at dispatch (http://localhost:3000/assets/_shared/jquery-3.6.0.min.js:2:43064)
    at v.handle (http://localhost:3000/assets/_shared/jquery-3.6.0.min.js:2:41048)
[ 1366924ms] TypeError: $(...).visible is not a function
    at http://localhost:3000/assets/_shared/all.js:8:159
    at dispatch (http://localhost:3000/assets/_shared/jquery-3.6.0.min.js:2:43064)
    at v.handle (http://localhost:3000/assets/_shared/jquery-3.6.0.min.js:2:41048)
[ 1366932ms] TypeError: $(...).visible is not a function
    at http://localhost:3000/assets/_shared/all.js:8:159
    at dispatch (http://localhost:3000/assets/_shared/jquery-3.6.0.min.js:2:43064)
    at v.handle (http://localhost:3000/assets/_shared/jquery-3.6.0.min.js:2:41048)
[ 1366940ms] TypeError: $(...).visible is not a function
    at http://localhost:3000/assets/_shared/all.js:8:159
    at dispatch (http://localhost:3000/assets/_shared/jquery-3.6.0.min.js:2:43064)
    at v.handle (http://localhost:3000/assets/_shared/jquery-3.6.0.min.js:2:41048)
[ 1366949ms] TypeError: $(...).visible is not a function
    at http://localhost:3000/assets/_shared/all.js:8:159
    at dispatch (http://localhost:3000/assets/_shared/jquery-3.6.0.min.js:2:43064)
    at v.handle (http://localhost:3000/assets/_shared/jquery-3.6.0.min.js:2:41048)
[ 1366957ms] TypeError: $(...).visible is not a function
    at http://localhost:3000/assets/_shared/all.js:8:159
    at dispatch (http://localhost:3000/assets/_shared/jquery-3.6.0.min.js:2:43064)
    at v.handle (http://localhost:3000/assets/_shared/jquery-3.6.0.min.js:2:41048)
[ 1366965ms] TypeError: $(...).visible is not a function
    at http://localhost:3000/assets/_shared/all.js:8:159
    at dispatch (http://localhost:3000/assets/_shared/jquery-3.6.0.min.js:2:43064)
    at v.handle (http://localhost:3000/assets/_shared/jquery-3.6.0.min.js:2:41048)
[ 1366974ms] TypeError: $(...).visible is not a function
    at http://localhost:3000/assets/_shared/all.js:8:159
    at dispatch (http://localhost:3000/assets/_shared/jquery-3.6.0.min.js:2:43064)
    at v.handle (http://localhost:3000/assets/_shared/jquery-3.6.0.min.js:2:41048)
[ 1366982ms] TypeError: $(...).visible is not a function
    at http://localhost:3000/assets/_shared/all.js:8:159
    at dispatch (http://localhost:3000/assets/_shared/jquery-3.6.0.min.js:2:43064)
    at v.handle (http://localhost:3000/assets/_shared/jquery-3.6.0.min.js:2:41048)
[ 1366991ms] TypeError: $(...).visible is not a function
    at http://localhost:3000/assets/_shared/all.js:8:159
    at dispatch (http://localhost:3000/assets/_shared/jquery-3.6.0.min.js:2:43064)
    at v.handle (http://localhost:3000/assets/_shared/jquery-3.6.0.min.js:2:41048)
[ 1366999ms] TypeError: $(...).visible is not a function
    at http://localhost:3000/assets/_shared/all.js:8:159
    at dispatch (http://localhost:3000/assets/_shared/jquery-3.6.0.min.js:2:43064)
    at v.handle (http://localhost:3000/assets/_shared/jquery-3.6.0.min.js:2:41048)
[ 1367007ms] TypeError: $(...).visible is not a function
    at http://localhost:3000/assets/_shared/all.js:8:159
    at dispatch (http://localhost:3000/assets/_shared/jquery-3.6.0.min.js:2:43064)
    at v.handle (http://localhost:3000/assets/_shared/jquery-3.6.0.min.js:2:41048)
[ 1367016ms] TypeError: $(...).visible is not a function
    at http://localhost:3000/assets/_shared/all.js:8:159
    at dispatch (http://localhost:3000/assets/_shared/jquery-3.6.0.min.js:2:43064)
    at v.handle (http://localhost:3000/assets/_shared/jquery-3.6.0.min.js:2:41048)
[ 1367023ms] TypeError: $(...).visible is not a function
    at http://localhost:3000/assets/_shared/all.js:8:159
    at dispatch (http://localhost:3000/assets/_shared/jquery-3.6.0.min.js:2:43064)
    at v.handle (http://localhost:3000/assets/_shared/jquery-3.6.0.min.js:2:41048)
[ 1367031ms] TypeError: $(...).visible is not a function
    at http://localhost:3000/assets/_shared/all.js:8:159
    at dispatch (http://localhost:3000/assets/_shared/jquery-3.6.0.min.js:2:43064)
    at v.handle (http://localhost:3000/assets/_shared/jquery-3.6.0.min.js:2:41048)
[ 1367040ms] TypeError: $(...).visible is not a function
    at http://localhost:3000/assets/_shared/all.js:8:159
    at dispatch (http://localhost:3000/assets/_shared/jquery-3.6.0.min.js:2:43064)
    at v.handle (http://localhost:3000/assets/_shared/jquery-3.6.0.min.js:2:41048)
[ 1367049ms] TypeError: $(...).visible is not a function
    at http://localhost:3000/assets/_shared/all.js:8:159
    at dispatch (http://localhost:3000/assets/_shared/jquery-3.6.0.min.js:2:43064)
    at v.handle (http://localhost:3000/assets/_shared/jquery-3.6.0.min.js:2:41048)
[ 1367057ms] TypeError: $(...).visible is not a function
    at http://localhost:3000/assets/_shared/all.js:8:159
    at dispatch (http://localhost:3000/assets/_shared/jquery-3.6.0.min.js:2:43064)
    at v.handle (http://localhost:3000/assets/_shared/jquery-3.6.0.min.js:2:41048)
[ 1367065ms] TypeError: $(...).visible is not a function
    at http://localhost:3000/assets/_shared/all.js:8:159
    at dispatch (http://localhost:3000/assets/_shared/jquery-3.6.0.min.js:2:43064)
    at v.handle (http://localhost:3000/assets/_shared/jquery-3.6.0.min.js:2:41048)
[ 1367073ms] TypeError: $(...).visible is not a function
    at http://localhost:3000/assets/_shared/all.js:8:159
    at dispatch (http://localhost:3000/assets/_shared/jquery-3.6.0.min.js:2:43064)
    at v.handle (http://localhost:3000/assets/_shared/jquery-3.6.0.min.js:2:41048)
[ 1367082ms] TypeError: $(...).visible is not a function
    at http://localhost:3000/assets/_shared/all.js:8:159
    at dispatch (http://localhost:3000/assets/_shared/jquery-3.6.0.min.js:2:43064)
    at v.handle (http://localhost:3000/assets/_shared/jquery-3.6.0.min.js:2:41048)
[ 1367090ms] TypeError: $(...).visible is not a function
    at http://localhost:3000/assets/_shared/all.js:8:159
    at dispatch (http://localhost:3000/assets/_shared/jquery-3.6.0.min.js:2:43064)
    at v.handle (http://localhost:3000/assets/_shared/jquery-3.6.0.min.js:2:41048)
[ 1367099ms] TypeError: $(...).visible is not a function
    at http://localhost:3000/assets/_shared/all.js:8:159
    at dispatch (http://localhost:3000/assets/_shared/jquery-3.6.0.min.js:2:43064)
    at v.handle (http://localhost:3000/assets/_shared/jquery-3.6.0.min.js:2:41048)
[ 1367107ms] TypeError: $(...).visible is not a function
    at http://localhost:3000/assets/_shared/all.js:8:159
    at dispatch (http://localhost:3000/assets/_shared/jquery-3.6.0.min.js:2:43064)
    at v.handle (http://localhost:3000/assets/_shared/jquery-3.6.0.min.js:2:41048)
[ 1367115ms] TypeError: $(...).visible is not a function
    at http://localhost:3000/assets/_shared/all.js:8:159
    at dispatch (http://localhost:3000/assets/_shared/jquery-3.6.0.min.js:2:43064)
    at v.handle (http://localhost:3000/assets/_shared/jquery-3.6.0.min.js:2:41048)
[ 1367124ms] TypeError: $(...).visible is not a function
    at http://localhost:3000/assets/_shared/all.js:8:159
    at dispatch (http://localhost:3000/assets/_shared/jquery-3.6.0.min.js:2:43064)
    at v.handle (http://localhost:3000/assets/_shared/jquery-3.6.0.min.js:2:41048)
[ 1367160ms] TypeError: $(...).visible is not a function
    at http://localhost:3000/assets/_shared/all.js:8:159
    at dispatch (http://localhost:3000/assets/_shared/jquery-3.6.0.min.js:2:43064)
    at v.handle (http://localhost:3000/assets/_shared/jquery-3.6.0.min.js:2:41048)
[ 1367165ms] TypeError: $(...).visible is not a function
    at http://localhost:3000/assets/_shared/all.js:8:159
    at dispatch (http://localhost:3000/assets/_shared/jquery-3.6.0.min.js:2:43064)
    at v.handle (http://localhost:3000/assets/_shared/jquery-3.6.0.min.js:2:41048)
[ 1367173ms] TypeError: $(...).visible is not a function
    at http://localhost:3000/assets/_shared/all.js:8:159
    at dispatch (http://localhost:3000/assets/_shared/jquery-3.6.0.min.js:2:43064)
    at v.handle (http://localhost:3000/assets/_shared/jquery-3.6.0.min.js:2:41048)
[ 1367182ms] TypeError: $(...).visible is not a function
    at http://localhost:3000/assets/_shared/all.js:8:159
    at dispatch (http://localhost:3000/assets/_shared/jquery-3.6.0.min.js:2:43064)
    at v.handle (http://localhost:3000/assets/_shared/jquery-3.6.0.min.js:2:41048)
[ 1367190ms] TypeError: $(...).visible is not a function
    at http://localhost:3000/assets/_shared/all.js:8:159
    at dispatch (http://localhost:3000/assets/_shared/jquery-3.6.0.min.js:2:43064)
    at v.handle (http://localhost:3000/assets/_shared/jquery-3.6.0.min.js:2:41048)
[ 1367198ms] TypeError: $(...).visible is not a function
    at http://localhost:3000/assets/_shared/all.js:8:159
    at dispatch (http://localhost:3000/assets/_shared/jquery-3.6.0.min.js:2:43064)
    at v.handle (http://localhost:3000/assets/_shared/jquery-3.6.0.min.js:2:41048)
[ 1367207ms] TypeError: $(...).visible is not a function
    at http://localhost:3000/assets/_shared/all.js:8:159
    at dispatch (http://localhost:3000/assets/_shared/jquery-3.6.0.min.js:2:43064)
    at v.handle (http://localhost:3000/assets/_shared/jquery-3.6.0.min.js:2:41048)
[ 1367215ms] TypeError: $(...).visible is not a function
    at http://localhost:3000/assets/_shared/all.js:8:159
    at dispatch (http://localhost:3000/assets/_shared/jquery-3.6.0.min.js:2:43064)
    at v.handle (http://localhost:3000/assets/_shared/jquery-3.6.0.min.js:2:41048)
[ 1367223ms] TypeError: $(...).visible is not a function
    at http://localhost:3000/assets/_shared/all.js:8:159
    at dispatch (http://localhost:3000/assets/_shared/jquery-3.6.0.min.js:2:43064)
    at v.handle (http://localhost:3000/assets/_shared/jquery-3.6.0.min.js:2:41048)
[ 1367232ms] TypeError: $(...).visible is not a function
    at http://localhost:3000/assets/_shared/all.js:8:159
    at dispatch (http://localhost:3000/assets/_shared/jquery-3.6.0.min.js:2:43064)
    at v.handle (http://localhost:3000/assets/_shared/jquery-3.6.0.min.js:2:41048)
[ 1367240ms] TypeError: $(...).visible is not a function
    at http://localhost:3000/assets/_shared/all.js:8:159
    at dispatch (http://localhost:3000/assets/_shared/jquery-3.6.0.min.js:2:43064)
    at v.handle (http://localhost:3000/assets/_shared/jquery-3.6.0.min.js:2:41048)
[ 1367248ms] TypeError: $(...).visible is not a function
    at http://localhost:3000/assets/_shared/all.js:8:159
    at dispatch (http://localhost:3000/assets/_shared/jquery-3.6.0.min.js:2:43064)
    at v.handle (http://localhost:3000/assets/_shared/jquery-3.6.0.min.js:2:41048)
[ 1367257ms] TypeError: $(...).visible is not a function
    at http://localhost:3000/assets/_shared/all.js:8:159
    at dispatch (http://localhost:3000/assets/_shared/jquery-3.6.0.min.js:2:43064)
    at v.handle (http://localhost:3000/assets/_shared/jquery-3.6.0.min.js:2:41048)
[ 1367265ms] TypeError: $(...).visible is not a function
    at http://localhost:3000/assets/_shared/all.js:8:159
    at dispatch (http://localhost:3000/assets/_shared/jquery-3.6.0.min.js:2:43064)
    at v.handle (http://localhost:3000/assets/_shared/jquery-3.6.0.min.js:2:41048)
[ 1367273ms] TypeError: $(...).visible is not a function
    at http://localhost:3000/assets/_shared/all.js:8:159
    at dispatch (http://localhost:3000/assets/_shared/jquery-3.6.0.min.js:2:43064)
    at v.handle (http://localhost:3000/assets/_shared/jquery-3.6.0.min.js:2:41048)
[ 1367282ms] TypeError: $(...).visible is not a function
    at http://localhost:3000/assets/_shared/all.js:8:159
    at dispatch (http://localhost:3000/assets/_shared/jquery-3.6.0.min.js:2:43064)
    at v.handle (http://localhost:3000/assets/_shared/jquery-3.6.0.min.js:2:41048)
[ 1367290ms] TypeError: $(...).visible is not a function
    at http://localhost:3000/assets/_shared/all.js:8:159
    at dispatch (http://localhost:3000/assets/_shared/jquery-3.6.0.min.js:2:43064)
    at v.handle (http://localhost:3000/assets/_shared/jquery-3.6.0.min.js:2:41048)
[ 1367298ms] TypeError: $(...).visible is not a function
    at http://localhost:3000/assets/_shared/all.js:8:159
    at dispatch (http://localhost:3000/assets/_shared/jquery-3.6.0.min.js:2:43064)
    at v.handle (http://localhost:3000/assets/_shared/jquery-3.6.0.min.js:2:41048)
[ 1367307ms] TypeError: $(...).visible is not a function
    at http://localhost:3000/assets/_shared/all.js:8:159
    at dispatch (http://localhost:3000/assets/_shared/jquery-3.6.0.min.js:2:43064)
    at v.handle (http://localhost:3000/assets/_shared/jquery-3.6.0.min.js:2:41048)
[ 1367315ms] TypeError: $(...).visible is not a function
    at http://localhost:3000/assets/_shared/all.js:8:159
    at dispatch (http://localhost:3000/assets/_shared/jquery-3.6.0.min.js:2:43064)
    at v.handle (http://localhost:3000/assets/_shared/jquery-3.6.0.min.js:2:41048)
[ 1367323ms] TypeError: $(...).visible is not a function
    at http://localhost:3000/assets/_shared/all.js:8:159
    at dispatch (http://localhost:3000/assets/_shared/jquery-3.6.0.min.js:2:43064)
    at v.handle (http://localhost:3000/assets/_shared/jquery-3.6.0.min.js:2:41048)
[ 1367331ms] TypeError: $(...).visible is not a function
    at http://localhost:3000/assets/_shared/all.js:8:159
    at dispatch (http://localhost:3000/assets/_shared/jquery-3.6.0.min.js:2:43064)
    at v.handle (http://localhost:3000/assets/_shared/jquery-3.6.0.min.js:2:41048)
[ 1367340ms] TypeError: $(...).visible is not a function
    at http://localhost:3000/assets/_shared/all.js:8:159
    at dispatch (http://localhost:3000/assets/_shared/jquery-3.6.0.min.js:2:43064)
    at v.handle (http://localhost:3000/assets/_shared/jquery-3.6.0.min.js:2:41048)
[ 1367348ms] TypeError: $(...).visible is not a function
    at http://localhost:3000/assets/_shared/all.js:8:159
    at dispatch (http://localhost:3000/assets/_shared/jquery-3.6.0.min.js:2:43064)
    at v.handle (http://localhost:3000/assets/_shared/jquery-3.6.0.min.js:2:41048)
[ 1367357ms] TypeError: $(...).visible is not a function
    at http://localhost:3000/assets/_shared/all.js:8:159
    at dispatch (http://localhost:3000/assets/_shared/jquery-3.6.0.min.js:2:43064)
    at v.handle (http://localhost:3000/assets/_shared/jquery-3.6.0.min.js:2:41048)
[ 1367365ms] TypeError: $(...).visible is not a function
    at http://localhost:3000/assets/_shared/all.js:8:159
    at dispatch (http://localhost:3000/assets/_shared/jquery-3.6.0.min.js:2:43064)
    at v.handle (http://localhost:3000/assets/_shared/jquery-3.6.0.min.js:2:41048)
[ 1367373ms] TypeError: $(...).visible is not a function
    at http://localhost:3000/assets/_shared/all.js:8:159
    at dispatch (http://localhost:3000/assets/_shared/jquery-3.6.0.min.js:2:43064)
    at v.handle (http://localhost:3000/assets/_shared/jquery-3.6.0.min.js:2:41048)
[ 1367381ms] TypeError: $(...).visible is not a function
    at http://localhost:3000/assets/_shared/all.js:8:159
    at dispatch (http://localhost:3000/assets/_shared/jquery-3.6.0.min.js:2:43064)
    at v.handle (http://localhost:3000/assets/_shared/jquery-3.6.0.min.js:2:41048)
[ 1367390ms] TypeError: $(...).visible is not a function
    at http://localhost:3000/assets/_shared/all.js:8:159
    at dispatch (http://localhost:3000/assets/_shared/jquery-3.6.0.min.js:2:43064)
    at v.handle (http://localhost:3000/assets/_shared/jquery-3.6.0.min.js:2:41048)
[ 1367398ms] TypeError: $(...).visible is not a function
    at http://localhost:3000/assets/_shared/all.js:8:159
    at dispatch (http://localhost:3000/assets/_shared/jquery-3.6.0.min.js:2:43064)
    at v.handle (http://localhost:3000/assets/_shared/jquery-3.6.0.min.js:2:41048)
[ 1367407ms] TypeError: $(...).visible is not a function
    at http://localhost:3000/assets/_shared/all.js:8:159
    at dispatch (http://localhost:3000/assets/_shared/jquery-3.6.0.min.js:2:43064)
    at v.handle (http://localhost:3000/assets/_shared/jquery-3.6.0.min.js:2:41048)
[ 1367415ms] TypeError: $(...).visible is not a function
    at http://localhost:3000/assets/_shared/all.js:8:159
    at dispatch (http://localhost:3000/assets/_shared/jquery-3.6.0.min.js:2:43064)
    at v.handle (http://localhost:3000/assets/_shared/jquery-3.6.0.min.js:2:41048)
[ 1367423ms] TypeError: $(...).visible is not a function
    at http://localhost:3000/assets/_shared/all.js:8:159
    at dispatch (http://localhost:3000/assets/_shared/jquery-3.6.0.min.js:2:43064)
    at v.handle (http://localhost:3000/assets/_shared/jquery-3.6.0.min.js:2:41048)
[ 1367432ms] TypeError: $(...).visible is not a function
    at http://localhost:3000/assets/_shared/all.js:8:159
    at dispatch (http://localhost:3000/assets/_shared/jquery-3.6.0.min.js:2:43064)
    at v.handle (http://localhost:3000/assets/_shared/jquery-3.6.0.min.js:2:41048)
[ 1367440ms] TypeError: $(...).visible is not a function
    at http://localhost:3000/assets/_shared/all.js:8:159
    at dispatch (http://localhost:3000/assets/_shared/jquery-3.6.0.min.js:2:43064)
    at v.handle (http://localhost:3000/assets/_shared/jquery-3.6.0.min.js:2:41048)
[ 1367448ms] TypeError: $(...).visible is not a function
    at http://localhost:3000/assets/_shared/all.js:8:159
    at dispatch (http://localhost:3000/assets/_shared/jquery-3.6.0.min.js:2:43064)
    at v.handle (http://localhost:3000/assets/_shared/jquery-3.6.0.min.js:2:41048)
[ 1367457ms] TypeError: $(...).visible is not a function
    at http://localhost:3000/assets/_shared/all.js:8:159
    at dispatch (http://localhost:3000/assets/_shared/jquery-3.6.0.min.js:2:43064)
    at v.handle (http://localhost:3000/assets/_shared/jquery-3.6.0.min.js:2:41048)
[ 1367465ms] TypeError: $(...).visible is not a function
    at http://localhost:3000/assets/_shared/all.js:8:159
    at dispatch (http://localhost:3000/assets/_shared/jquery-3.6.0.min.js:2:43064)
    at v.handle (http://localhost:3000/assets/_shared/jquery-3.6.0.min.js:2:41048)
[ 1367473ms] TypeError: $(...).visible is not a function
    at http://localhost:3000/assets/_shared/all.js:8:159
    at dispatch (http://localhost:3000/assets/_shared/jquery-3.6.0.min.js:2:43064)
    at v.handle (http://localhost:3000/assets/_shared/jquery-3.6.0.min.js:2:41048)
[ 1367482ms] TypeError: $(...).visible is not a function
    at http://localhost:3000/assets/_shared/all.js:8:159
    at dispatch (http://localhost:3000/assets/_shared/jquery-3.6.0.min.js:2:43064)
    at v.handle (http://localhost:3000/assets/_shared/jquery-3.6.0.min.js:2:41048)
[ 1367490ms] TypeError: $(...).visible is not a function
    at http://localhost:3000/assets/_shared/all.js:8:159
    at dispatch (http://localhost:3000/assets/_shared/jquery-3.6.0.min.js:2:43064)
    at v.handle (http://localhost:3000/assets/_shared/jquery-3.6.0.min.js:2:41048)
[ 1367500ms] TypeError: $(...).visible is not a function
    at http://localhost:3000/assets/_shared/all.js:8:159
    at dispatch (http://localhost:3000/assets/_shared/jquery-3.6.0.min.js:2:43064)
    at v.handle (http://localhost:3000/assets/_shared/jquery-3.6.0.min.js:2:41048)
[ 1367506ms] TypeError: $(...).visible is not a function
    at http://localhost:3000/assets/_shared/all.js:8:159
    at dispatch (http://localhost:3000/assets/_shared/jquery-3.6.0.min.js:2:43064)
    at v.handle (http://localhost:3000/assets/_shared/jquery-3.6.0.min.js:2:41048)
[ 1367517ms] TypeError: $(...).visible is not a function
    at http://localhost:3000/assets/_shared/all.js:8:159
    at dispatch (http://localhost:3000/assets/_shared/jquery-3.6.0.min.js:2:43064)
    at v.handle (http://localhost:3000/assets/_shared/jquery-3.6.0.min.js:2:41048)
[ 1367525ms] TypeError: $(...).visible is not a function
    at http://localhost:3000/assets/_shared/all.js:8:159
    at dispatch (http://localhost:3000/assets/_shared/jquery-3.6.0.min.js:2:43064)
    at v.handle (http://localhost:3000/assets/_shared/jquery-3.6.0.min.js:2:41048)
[ 1367532ms] TypeError: $(...).visible is not a function
    at http://localhost:3000/assets/_shared/all.js:8:159
    at dispatch (http://localhost:3000/assets/_shared/jquery-3.6.0.min.js:2:43064)
    at v.handle (http://localhost:3000/assets/_shared/jquery-3.6.0.min.js:2:41048)
[ 1367543ms] TypeError: $(...).visible is not a function
    at http://localhost:3000/assets/_shared/all.js:8:159
    at dispatch (http://localhost:3000/assets/_shared/jquery-3.6.0.min.js:2:43064)
    at v.handle (http://localhost:3000/assets/_shared/jquery-3.6.0.min.js:2:41048)
[ 1367548ms] TypeError: $(...).visible is not a function
    at http://localhost:3000/assets/_shared/all.js:8:159
    at dispatch (http://localhost:3000/assets/_shared/jquery-3.6.0.min.js:2:43064)
    at v.handle (http://localhost:3000/assets/_shared/jquery-3.6.0.min.js:2:41048)
[ 1367557ms] TypeError: $(...).visible is not a function
    at http://localhost:3000/assets/_shared/all.js:8:159
    at dispatch (http://localhost:3000/assets/_shared/jquery-3.6.0.min.js:2:43064)
    at v.handle (http://localhost:3000/assets/_shared/jquery-3.6.0.min.js:2:41048)
[ 1367565ms] TypeError: $(...).visible is not a function
    at http://localhost:3000/assets/_shared/all.js:8:159
    at dispatch (http://localhost:3000/assets/_shared/jquery-3.6.0.min.js:2:43064)
    at v.handle (http://localhost:3000/assets/_shared/jquery-3.6.0.min.js:2:41048)
[ 1367573ms] TypeError: $(...).visible is not a function
    at http://localhost:3000/assets/_shared/all.js:8:159
    at dispatch (http://localhost:3000/assets/_shared/jquery-3.6.0.min.js:2:43064)
    at v.handle (http://localhost:3000/assets/_shared/jquery-3.6.0.min.js:2:41048)
[ 1367581ms] TypeError: $(...).visible is not a function
    at http://localhost:3000/assets/_shared/all.js:8:159
    at dispatch (http://localhost:3000/assets/_shared/jquery-3.6.0.min.js:2:43064)
    at v.handle (http://localhost:3000/assets/_shared/jquery-3.6.0.min.js:2:41048)
[ 1367593ms] TypeError: $(...).visible is not a function
    at http://localhost:3000/assets/_shared/all.js:8:159
    at dispatch (http://localhost:3000/assets/_shared/jquery-3.6.0.min.js:2:43064)
    at v.handle (http://localhost:3000/assets/_shared/jquery-3.6.0.min.js:2:41048)
[ 1367598ms] TypeError: $(...).visible is not a function
    at http://localhost:3000/assets/_shared/all.js:8:159
    at dispatch (http://localhost:3000/assets/_shared/jquery-3.6.0.min.js:2:43064)
    at v.handle (http://localhost:3000/assets/_shared/jquery-3.6.0.min.js:2:41048)
[ 1367607ms] TypeError: $(...).visible is not a function
    at http://localhost:3000/assets/_shared/all.js:8:159
    at dispatch (http://localhost:3000/assets/_shared/jquery-3.6.0.min.js:2:43064)
    at v.handle (http://localhost:3000/assets/_shared/jquery-3.6.0.min.js:2:41048)
[ 1367615ms] TypeError: $(...).visible is not a function
    at http://localhost:3000/assets/_shared/all.js:8:159
    at dispatch (http://localhost:3000/assets/_shared/jquery-3.6.0.min.js:2:43064)
    at v.handle (http://localhost:3000/assets/_shared/jquery-3.6.0.min.js:2:41048)
[ 1367624ms] TypeError: $(...).visible is not a function
    at http://localhost:3000/assets/_shared/all.js:8:159
    at dispatch (http://localhost:3000/assets/_shared/jquery-3.6.0.min.js:2:43064)
    at v.handle (http://localhost:3000/assets/_shared/jquery-3.6.0.min.js:2:41048)
[ 1367668ms] TypeError: $(...).visible is not a function
    at http://localhost:3000/assets/_shared/all.js:8:159
    at dispatch (http://localhost:3000/assets/_shared/jquery-3.6.0.min.js:2:43064)
    at v.handle (http://localhost:3000/assets/_shared/jquery-3.6.0.min.js:2:41048)
[ 1367673ms] TypeError: $(...).visible is not a function
    at http://localhost:3000/assets/_shared/all.js:8:159
    at dispatch (http://localhost:3000/assets/_shared/jquery-3.6.0.min.js:2:43064)
    at v.handle (http://localhost:3000/assets/_shared/jquery-3.6.0.min.js:2:41048)
[ 1367682ms] TypeError: $(...).visible is not a function
    at http://localhost:3000/assets/_shared/all.js:8:159
    at dispatch (http://localhost:3000/assets/_shared/jquery-3.6.0.min.js:2:43064)
    at v.handle (http://localhost:3000/assets/_shared/jquery-3.6.0.min.js:2:41048)
[ 1367691ms] TypeError: $(...).visible is not a function
    at http://localhost:3000/assets/_shared/all.js:8:159
    at dispatch (http://localhost:3000/assets/_shared/jquery-3.6.0.min.js:2:43064)
    at v.handle (http://localhost:3000/assets/_shared/jquery-3.6.0.min.js:2:41048)
[ 1367699ms] TypeError: $(...).visible is not a function
    at http://localhost:3000/assets/_shared/all.js:8:159
    at dispatch (http://localhost:3000/assets/_shared/jquery-3.6.0.min.js:2:43064)
    at v.handle (http://localhost:3000/assets/_shared/jquery-3.6.0.min.js:2:41048)
[ 1367707ms] TypeError: $(...).visible is not a function
    at http://localhost:3000/assets/_shared/all.js:8:159
    at dispatch (http://localhost:3000/assets/_shared/jquery-3.6.0.min.js:2:43064)
    at v.handle (http://localhost:3000/assets/_shared/jquery-3.6.0.min.js:2:41048)
[ 1367716ms] TypeError: $(...).visible is not a function
    at http://localhost:3000/assets/_shared/all.js:8:159
    at dispatch (http://localhost:3000/assets/_shared/jquery-3.6.0.min.js:2:43064)
    at v.handle (http://localhost:3000/assets/_shared/jquery-3.6.0.min.js:2:41048)
[ 1367724ms] TypeError: $(...).visible is not a function
    at http://localhost:3000/assets/_shared/all.js:8:159
    at dispatch (http://localhost:3000/assets/_shared/jquery-3.6.0.min.js:2:43064)
    at v.handle (http://localhost:3000/assets/_shared/jquery-3.6.0.min.js:2:41048)
[ 1367732ms] TypeError: $(...).visible is not a function
    at http://localhost:3000/assets/_shared/all.js:8:159
    at dispatch (http://localhost:3000/assets/_shared/jquery-3.6.0.min.js:2:43064)
    at v.handle (http://localhost:3000/assets/_shared/jquery-3.6.0.min.js:2:41048)
[ 1367740ms] TypeError: $(...).visible is not a function
    at http://localhost:3000/assets/_shared/all.js:8:159
    at dispatch (http://localhost:3000/assets/_shared/jquery-3.6.0.min.js:2:43064)
    at v.handle (http://localhost:3000/assets/_shared/jquery-3.6.0.min.js:2:41048)
[ 1367749ms] TypeError: $(...).visible is not a function
    at http://localhost:3000/assets/_shared/all.js:8:159
    at dispatch (http://localhost:3000/assets/_shared/jquery-3.6.0.min.js:2:43064)
    at v.handle (http://localhost:3000/assets/_shared/jquery-3.6.0.min.js:2:41048)
[ 1367757ms] TypeError: $(...).visible is not a function
    at http://localhost:3000/assets/_shared/all.js:8:159
    at dispatch (http://localhost:3000/assets/_shared/jquery-3.6.0.min.js:2:43064)
    at v.handle (http://localhost:3000/assets/_shared/jquery-3.6.0.min.js:2:41048)
[ 1367765ms] TypeError: $(...).visible is not a function
    at http://localhost:3000/assets/_shared/all.js:8:159
    at dispatch (http://localhost:3000/assets/_shared/jquery-3.6.0.min.js:2:43064)
    at v.handle (http://localhost:3000/assets/_shared/jquery-3.6.0.min.js:2:41048)
[ 1367774ms] TypeError: $(...).visible is not a function
    at http://localhost:3000/assets/_shared/all.js:8:159
    at dispatch (http://localhost:3000/assets/_shared/jquery-3.6.0.min.js:2:43064)
    at v.handle (http://localhost:3000/assets/_shared/jquery-3.6.0.min.js:2:41048)
[ 1367782ms] TypeError: $(...).visible is not a function
    at http://localhost:3000/assets/_shared/all.js:8:159
    at dispatch (http://localhost:3000/assets/_shared/jquery-3.6.0.min.js:2:43064)
    at v.handle (http://localhost:3000/assets/_shared/jquery-3.6.0.min.js:2:41048)
[ 1367790ms] TypeError: $(...).visible is not a function
    at http://localhost:3000/assets/_shared/all.js:8:159
    at dispatch (http://localhost:3000/assets/_shared/jquery-3.6.0.min.js:2:43064)
    at v.handle (http://localhost:3000/assets/_shared/jquery-3.6.0.min.js:2:41048)
[ 1367803ms] TypeError: $(...).visible is not a function
    at http://localhost:3000/assets/_shared/all.js:8:159
    at dispatch (http://localhost:3000/assets/_shared/jquery-3.6.0.min.js:2:43064)
    at v.handle (http://localhost:3000/assets/_shared/jquery-3.6.0.min.js:2:41048)
[ 1367807ms] TypeError: $(...).visible is not a function
    at http://localhost:3000/assets/_shared/all.js:8:159
    at dispatch (http://localhost:3000/assets/_shared/jquery-3.6.0.min.js:2:43064)
    at v.handle (http://localhost:3000/assets/_shared/jquery-3.6.0.min.js:2:41048)
[ 1369110ms] TypeError: $(...).visible is not a function
    at http://localhost:3000/assets/_shared/all.js:8:159
    at dispatch (http://localhost:3000/assets/_shared/jquery-3.6.0.min.js:2:43064)
    at v.handle (http://localhost:3000/assets/_shared/jquery-3.6.0.min.js:2:41048)
[ 1369115ms] TypeError: $(...).visible is not a function
    at http://localhost:3000/assets/_shared/all.js:8:159
    at dispatch (http://localhost:3000/assets/_shared/jquery-3.6.0.min.js:2:43064)
    at v.handle (http://localhost:3000/assets/_shared/jquery-3.6.0.min.js:2:41048)
[ 1369124ms] TypeError: $(...).visible is not a function
    at http://localhost:3000/assets/_shared/all.js:8:159
    at dispatch (http://localhost:3000/assets/_shared/jquery-3.6.0.min.js:2:43064)
    at v.handle (http://localhost:3000/assets/_shared/jquery-3.6.0.min.js:2:41048)
[ 1369135ms] TypeError: $(...).visible is not a function
    at http://localhost:3000/assets/_shared/all.js:8:159
    at dispatch (http://localhost:3000/assets/_shared/jquery-3.6.0.min.js:2:43064)
    at v.handle (http://localhost:3000/assets/_shared/jquery-3.6.0.min.js:2:41048)
[ 1369140ms] TypeError: $(...).visible is not a function
    at http://localhost:3000/assets/_shared/all.js:8:159
    at dispatch (http://localhost:3000/assets/_shared/jquery-3.6.0.min.js:2:43064)
    at v.handle (http://localhost:3000/assets/_shared/jquery-3.6.0.min.js:2:41048)
[ 1369148ms] TypeError: $(...).visible is not a function
    at http://localhost:3000/assets/_shared/all.js:8:159
    at dispatch (http://localhost:3000/assets/_shared/jquery-3.6.0.min.js:2:43064)
    at v.handle (http://localhost:3000/assets/_shared/jquery-3.6.0.min.js:2:41048)
[ 1369157ms] TypeError: $(...).visible is not a function
    at http://localhost:3000/assets/_shared/all.js:8:159
    at dispatch (http://localhost:3000/assets/_shared/jquery-3.6.0.min.js:2:43064)
    at v.handle (http://localhost:3000/assets/_shared/jquery-3.6.0.min.js:2:41048)
[ 1369165ms] TypeError: $(...).visible is not a function
    at http://localhost:3000/assets/_shared/all.js:8:159
    at dispatch (http://localhost:3000/assets/_shared/jquery-3.6.0.min.js:2:43064)
    at v.handle (http://localhost:3000/assets/_shared/jquery-3.6.0.min.js:2:41048)
[ 1369173ms] TypeError: $(...).visible is not a function
    at http://localhost:3000/assets/_shared/all.js:8:159
    at dispatch (http://localhost:3000/assets/_shared/jquery-3.6.0.min.js:2:43064)
    at v.handle (http://localhost:3000/assets/_shared/jquery-3.6.0.min.js:2:41048)
[ 1369182ms] TypeError: $(...).visible is not a function
    at http://localhost:3000/assets/_shared/all.js:8:159
    at dispatch (http://localhost:3000/assets/_shared/jquery-3.6.0.min.js:2:43064)
    at v.handle (http://localhost:3000/assets/_shared/jquery-3.6.0.min.js:2:41048)
[ 1369190ms] TypeError: $(...).visible is not a function
    at http://localhost:3000/assets/_shared/all.js:8:159
    at dispatch (http://localhost:3000/assets/_shared/jquery-3.6.0.min.js:2:43064)
    at v.handle (http://localhost:3000/assets/_shared/jquery-3.6.0.min.js:2:41048)
[ 1369198ms] TypeError: $(...).visible is not a function
    at http://localhost:3000/assets/_shared/all.js:8:159
    at dispatch (http://localhost:3000/assets/_shared/jquery-3.6.0.min.js:2:43064)
    at v.handle (http://localhost:3000/assets/_shared/jquery-3.6.0.min.js:2:41048)
[ 1369207ms] TypeError: $(...).visible is not a function
    at http://localhost:3000/assets/_shared/all.js:8:159
    at dispatch (http://localhost:3000/assets/_shared/jquery-3.6.0.min.js:2:43064)
    at v.handle (http://localhost:3000/assets/_shared/jquery-3.6.0.min.js:2:41048)
[ 1369215ms] TypeError: $(...).visible is not a function
    at http://localhost:3000/assets/_shared/all.js:8:159
    at dispatch (http://localhost:3000/assets/_shared/jquery-3.6.0.min.js:2:43064)
    at v.handle (http://localhost:3000/assets/_shared/jquery-3.6.0.min.js:2:41048)
[ 1369224ms] TypeError: $(...).visible is not a function
    at http://localhost:3000/assets/_shared/all.js:8:159
    at dispatch (http://localhost:3000/assets/_shared/jquery-3.6.0.min.js:2:43064)
    at v.handle (http://localhost:3000/assets/_shared/jquery-3.6.0.min.js:2:41048)
[ 1369232ms] TypeError: $(...).visible is not a function
    at http://localhost:3000/assets/_shared/all.js:8:159
    at dispatch (http://localhost:3000/assets/_shared/jquery-3.6.0.min.js:2:43064)
    at v.handle (http://localhost:3000/assets/_shared/jquery-3.6.0.min.js:2:41048)
[ 1369240ms] TypeError: $(...).visible is not a function
    at http://localhost:3000/assets/_shared/all.js:8:159
    at dispatch (http://localhost:3000/assets/_shared/jquery-3.6.0.min.js:2:43064)
    at v.handle (http://localhost:3000/assets/_shared/jquery-3.6.0.min.js:2:41048)
[ 1369249ms] TypeError: $(...).visible is not a function
    at http://localhost:3000/assets/_shared/all.js:8:159
    at dispatch (http://localhost:3000/assets/_shared/jquery-3.6.0.min.js:2:43064)
    at v.handle (http://localhost:3000/assets/_shared/jquery-3.6.0.min.js:2:41048)
[ 1369257ms] TypeError: $(...).visible is not a function
    at http://localhost:3000/assets/_shared/all.js:8:159
    at dispatch (http://localhost:3000/assets/_shared/jquery-3.6.0.min.js:2:43064)
    at v.handle (http://localhost:3000/assets/_shared/jquery-3.6.0.min.js:2:41048)
[ 1369265ms] TypeError: $(...).visible is not a function
    at http://localhost:3000/assets/_shared/all.js:8:159
    at dispatch (http://localhost:3000/assets/_shared/jquery-3.6.0.min.js:2:43064)
    at v.handle (http://localhost:3000/assets/_shared/jquery-3.6.0.min.js:2:41048)
[ 1369273ms] TypeError: $(...).visible is not a function
    at http://localhost:3000/assets/_shared/all.js:8:159
    at dispatch (http://localhost:3000/assets/_shared/jquery-3.6.0.min.js:2:43064)
    at v.handle (http://localhost:3000/assets/_shared/jquery-3.6.0.min.js:2:41048)
[ 1369282ms] TypeError: $(...).visible is not a function
    at http://localhost:3000/assets/_shared/all.js:8:159
    at dispatch (http://localhost:3000/assets/_shared/jquery-3.6.0.min.js:2:43064)
    at v.handle (http://localhost:3000/assets/_shared/jquery-3.6.0.min.js:2:41048)
[ 1369290ms] TypeError: $(...).visible is not a function
    at http://localhost:3000/assets/_shared/all.js:8:159
    at dispatch (http://localhost:3000/assets/_shared/jquery-3.6.0.min.js:2:43064)
    at v.handle (http://localhost:3000/assets/_shared/jquery-3.6.0.min.js:2:41048)
[ 1369298ms] TypeError: $(...).visible is not a function
    at http://localhost:3000/assets/_shared/all.js:8:159
    at dispatch (http://localhost:3000/assets/_shared/jquery-3.6.0.min.js:2:43064)
    at v.handle (http://localhost:3000/assets/_shared/jquery-3.6.0.min.js:2:41048)
[ 1369307ms] TypeError: $(...).visible is not a function
    at http://localhost:3000/assets/_shared/all.js:8:159
    at dispatch (http://localhost:3000/assets/_shared/jquery-3.6.0.min.js:2:43064)
    at v.handle (http://localhost:3000/assets/_shared/jquery-3.6.0.min.js:2:41048)
[ 1369315ms] TypeError: $(...).visible is not a function
    at http://localhost:3000/assets/_shared/all.js:8:159
    at dispatch (http://localhost:3000/assets/_shared/jquery-3.6.0.min.js:2:43064)
    at v.handle (http://localhost:3000/assets/_shared/jquery-3.6.0.min.js:2:41048)
[ 1369324ms] TypeError: $(...).visible is not a function
    at http://localhost:3000/assets/_shared/all.js:8:159
    at dispatch (http://localhost:3000/assets/_shared/jquery-3.6.0.min.js:2:43064)
    at v.handle (http://localhost:3000/assets/_shared/jquery-3.6.0.min.js:2:41048)
[ 1369332ms] TypeError: $(...).visible is not a function
    at http://localhost:3000/assets/_shared/all.js:8:159
    at dispatch (http://localhost:3000/assets/_shared/jquery-3.6.0.min.js:2:43064)
    at v.handle (http://localhost:3000/assets/_shared/jquery-3.6.0.min.js:2:41048)
[ 1369340ms] TypeError: $(...).visible is not a function
    at http://localhost:3000/assets/_shared/all.js:8:159
    at dispatch (http://localhost:3000/assets/_shared/jquery-3.6.0.min.js:2:43064)
    at v.handle (http://localhost:3000/assets/_shared/jquery-3.6.0.min.js:2:41048)
[ 1369349ms] TypeError: $(...).visible is not a function
    at http://localhost:3000/assets/_shared/all.js:8:159
    at dispatch (http://localhost:3000/assets/_shared/jquery-3.6.0.min.js:2:43064)
    at v.handle (http://localhost:3000/assets/_shared/jquery-3.6.0.min.js:2:41048)
[ 1369357ms] TypeError: $(...).visible is not a function
    at http://localhost:3000/assets/_shared/all.js:8:159
    at dispatch (http://localhost:3000/assets/_shared/jquery-3.6.0.min.js:2:43064)
    at v.handle (http://localhost:3000/assets/_shared/jquery-3.6.0.min.js:2:41048)
[ 1369365ms] TypeError: $(...).visible is not a function
    at http://localhost:3000/assets/_shared/all.js:8:159
    at dispatch (http://localhost:3000/assets/_shared/jquery-3.6.0.min.js:2:43064)
    at v.handle (http://localhost:3000/assets/_shared/jquery-3.6.0.min.js:2:41048)
[ 1369374ms] TypeError: $(...).visible is not a function
    at http://localhost:3000/assets/_shared/all.js:8:159
    at dispatch (http://localhost:3000/assets/_shared/jquery-3.6.0.min.js:2:43064)
    at v.handle (http://localhost:3000/assets/_shared/jquery-3.6.0.min.js:2:41048)
[ 1369382ms] TypeError: $(...).visible is not a function
    at http://localhost:3000/assets/_shared/all.js:8:159
    at dispatch (http://localhost:3000/assets/_shared/jquery-3.6.0.min.js:2:43064)
    at v.handle (http://localhost:3000/assets/_shared/jquery-3.6.0.min.js:2:41048)
[ 1369390ms] TypeError: $(...).visible is not a function
    at http://localhost:3000/assets/_shared/all.js:8:159
    at dispatch (http://localhost:3000/assets/_shared/jquery-3.6.0.min.js:2:43064)
    at v.handle (http://localhost:3000/assets/_shared/jquery-3.6.0.min.js:2:41048)
[ 1369399ms] TypeError: $(...).visible is not a function
    at http://localhost:3000/assets/_shared/all.js:8:159
    at dispatch (http://localhost:3000/assets/_shared/jquery-3.6.0.min.js:2:43064)
    at v.handle (http://localhost:3000/assets/_shared/jquery-3.6.0.min.js:2:41048)
[ 1369407ms] TypeError: $(...).visible is not a function
    at http://localhost:3000/assets/_shared/all.js:8:159
    at dispatch (http://localhost:3000/assets/_shared/jquery-3.6.0.min.js:2:43064)
    at v.handle (http://localhost:3000/assets/_shared/jquery-3.6.0.min.js:2:41048)
[ 1369415ms] TypeError: $(...).visible is not a function
    at http://localhost:3000/assets/_shared/all.js:8:159
    at dispatch (http://localhost:3000/assets/_shared/jquery-3.6.0.min.js:2:43064)
    at v.handle (http://localhost:3000/assets/_shared/jquery-3.6.0.min.js:2:41048)
[ 1369424ms] TypeError: $(...).visible is not a function
    at http://localhost:3000/assets/_shared/all.js:8:159
    at dispatch (http://localhost:3000/assets/_shared/jquery-3.6.0.min.js:2:43064)
    at v.handle (http://localhost:3000/assets/_shared/jquery-3.6.0.min.js:2:41048)
[ 1369432ms] TypeError: $(...).visible is not a function
    at http://localhost:3000/assets/_shared/all.js:8:159
    at dispatch (http://localhost:3000/assets/_shared/jquery-3.6.0.min.js:2:43064)
    at v.handle (http://localhost:3000/assets/_shared/jquery-3.6.0.min.js:2:41048)
[ 1369440ms] TypeError: $(...).visible is not a function
    at http://localhost:3000/assets/_shared/all.js:8:159
    at dispatch (http://localhost:3000/assets/_shared/jquery-3.6.0.min.js:2:43064)
    at v.handle (http://localhost:3000/assets/_shared/jquery-3.6.0.min.js:2:41048)
[ 1369449ms] TypeError: $(...).visible is not a function
    at http://localhost:3000/assets/_shared/all.js:8:159
    at dispatch (http://localhost:3000/assets/_shared/jquery-3.6.0.min.js:2:43064)
    at v.handle (http://localhost:3000/assets/_shared/jquery-3.6.0.min.js:2:41048)
[ 1369457ms] TypeError: $(...).visible is not a function
    at http://localhost:3000/assets/_shared/all.js:8:159
    at dispatch (http://localhost:3000/assets/_shared/jquery-3.6.0.min.js:2:43064)
    at v.handle (http://localhost:3000/assets/_shared/jquery-3.6.0.min.js:2:41048)
[ 1369465ms] TypeError: $(...).visible is not a function
    at http://localhost:3000/assets/_shared/all.js:8:159
    at dispatch (http://localhost:3000/assets/_shared/jquery-3.6.0.min.js:2:43064)
    at v.handle (http://localhost:3000/assets/_shared/jquery-3.6.0.min.js:2:41048)
[ 1369474ms] TypeError: $(...).visible is not a function
    at http://localhost:3000/assets/_shared/all.js:8:159
    at dispatch (http://localhost:3000/assets/_shared/jquery-3.6.0.min.js:2:43064)
    at v.handle (http://localhost:3000/assets/_shared/jquery-3.6.0.min.js:2:41048)
[ 1369482ms] TypeError: $(...).visible is not a function
    at http://localhost:3000/assets/_shared/all.js:8:159
    at dispatch (http://localhost:3000/assets/_shared/jquery-3.6.0.min.js:2:43064)
    at v.handle (http://localhost:3000/assets/_shared/jquery-3.6.0.min.js:2:41048)
[ 1369490ms] TypeError: $(...).visible is not a function
    at http://localhost:3000/assets/_shared/all.js:8:159
    at dispatch (http://localhost:3000/assets/_shared/jquery-3.6.0.min.js:2:43064)
    at v.handle (http://localhost:3000/assets/_shared/jquery-3.6.0.min.js:2:41048)
[ 1369499ms] TypeError: $(...).visible is not a function
    at http://localhost:3000/assets/_shared/all.js:8:159
    at dispatch (http://localhost:3000/assets/_shared/jquery-3.6.0.min.js:2:43064)
    at v.handle (http://localhost:3000/assets/_shared/jquery-3.6.0.min.js:2:41048)
[ 1369507ms] TypeError: $(...).visible is not a function
    at http://localhost:3000/assets/_shared/all.js:8:159
    at dispatch (http://localhost:3000/assets/_shared/jquery-3.6.0.min.js:2:43064)
    at v.handle (http://localhost:3000/assets/_shared/jquery-3.6.0.min.js:2:41048)
[ 1369515ms] TypeError: $(...).visible is not a function
    at http://localhost:3000/assets/_shared/all.js:8:159
    at dispatch (http://localhost:3000/assets/_shared/jquery-3.6.0.min.js:2:43064)
    at v.handle (http://localhost:3000/assets/_shared/jquery-3.6.0.min.js:2:41048)
[ 1369524ms] TypeError: $(...).visible is not a function
    at http://localhost:3000/assets/_shared/all.js:8:159
    at dispatch (http://localhost:3000/assets/_shared/jquery-3.6.0.min.js:2:43064)
    at v.handle (http://localhost:3000/assets/_shared/jquery-3.6.0.min.js:2:41048)
[ 1369532ms] TypeError: $(...).visible is not a function
    at http://localhost:3000/assets/_shared/all.js:8:159
    at dispatch (http://localhost:3000/assets/_shared/jquery-3.6.0.min.js:2:43064)
    at v.handle (http://localhost:3000/assets/_shared/jquery-3.6.0.min.js:2:41048)
[ 1369540ms] TypeError: $(...).visible is not a function
    at http://localhost:3000/assets/_shared/all.js:8:159
    at dispatch (http://localhost:3000/assets/_shared/jquery-3.6.0.min.js:2:43064)
    at v.handle (http://localhost:3000/assets/_shared/jquery-3.6.0.min.js:2:41048)
[ 1369548ms] TypeError: $(...).visible is not a function
    at http://localhost:3000/assets/_shared/all.js:8:159
    at dispatch (http://localhost:3000/assets/_shared/jquery-3.6.0.min.js:2:43064)
    at v.handle (http://localhost:3000/assets/_shared/jquery-3.6.0.min.js:2:41048)
[ 1369557ms] TypeError: $(...).visible is not a function
    at http://localhost:3000/assets/_shared/all.js:8:159
    at dispatch (http://localhost:3000/assets/_shared/jquery-3.6.0.min.js:2:43064)
    at v.handle (http://localhost:3000/assets/_shared/jquery-3.6.0.min.js:2:41048)
[ 1369565ms] TypeError: $(...).visible is not a function
    at http://localhost:3000/assets/_shared/all.js:8:159
    at dispatch (http://localhost:3000/assets/_shared/jquery-3.6.0.min.js:2:43064)
    at v.handle (http://localhost:3000/assets/_shared/jquery-3.6.0.min.js:2:41048)
[ 1369574ms] TypeError: $(...).visible is not a function
    at http://localhost:3000/assets/_shared/all.js:8:159
    at dispatch (http://localhost:3000/assets/_shared/jquery-3.6.0.min.js:2:43064)
    at v.handle (http://localhost:3000/assets/_shared/jquery-3.6.0.min.js:2:41048)
[ 1369582ms] TypeError: $(...).visible is not a function
    at http://localhost:3000/assets/_shared/all.js:8:159
    at dispatch (http://localhost:3000/assets/_shared/jquery-3.6.0.min.js:2:43064)
    at v.handle (http://localhost:3000/assets/_shared/jquery-3.6.0.min.js:2:41048)
[ 1369590ms] TypeError: $(...).visible is not a function
    at http://localhost:3000/assets/_shared/all.js:8:159
    at dispatch (http://localhost:3000/assets/_shared/jquery-3.6.0.min.js:2:43064)
    at v.handle (http://localhost:3000/assets/_shared/jquery-3.6.0.min.js:2:41048)
[ 1369599ms] TypeError: $(...).visible is not a function
    at http://localhost:3000/assets/_shared/all.js:8:159
    at dispatch (http://localhost:3000/assets/_shared/jquery-3.6.0.min.js:2:43064)
    at v.handle (http://localhost:3000/assets/_shared/jquery-3.6.0.min.js:2:41048)
[ 1369607ms] TypeError: $(...).visible is not a function
    at http://localhost:3000/assets/_shared/all.js:8:159
    at dispatch (http://localhost:3000/assets/_shared/jquery-3.6.0.min.js:2:43064)
    at v.handle (http://localhost:3000/assets/_shared/jquery-3.6.0.min.js:2:41048)
[ 1369615ms] TypeError: $(...).visible is not a function
    at http://localhost:3000/assets/_shared/all.js:8:159
    at dispatch (http://localhost:3000/assets/_shared/jquery-3.6.0.min.js:2:43064)
    at v.handle (http://localhost:3000/assets/_shared/jquery-3.6.0.min.js:2:41048)
[ 1369624ms] TypeError: $(...).visible is not a function
    at http://localhost:3000/assets/_shared/all.js:8:159
    at dispatch (http://localhost:3000/assets/_shared/jquery-3.6.0.min.js:2:43064)
    at v.handle (http://localhost:3000/assets/_shared/jquery-3.6.0.min.js:2:41048)
[ 1369632ms] TypeError: $(...).visible is not a function
    at http://localhost:3000/assets/_shared/all.js:8:159
    at dispatch (http://localhost:3000/assets/_shared/jquery-3.6.0.min.js:2:43064)
    at v.handle (http://localhost:3000/assets/_shared/jquery-3.6.0.min.js:2:41048)
[ 1369640ms] TypeError: $(...).visible is not a function
    at http://localhost:3000/assets/_shared/all.js:8:159
    at dispatch (http://localhost:3000/assets/_shared/jquery-3.6.0.min.js:2:43064)
    at v.handle (http://localhost:3000/assets/_shared/jquery-3.6.0.min.js:2:41048)
[ 1369649ms] TypeError: $(...).visible is not a function
    at http://localhost:3000/assets/_shared/all.js:8:159
    at dispatch (http://localhost:3000/assets/_shared/jquery-3.6.0.min.js:2:43064)
    at v.handle (http://localhost:3000/assets/_shared/jquery-3.6.0.min.js:2:41048)
[ 1369657ms] TypeError: $(...).visible is not a function
    at http://localhost:3000/assets/_shared/all.js:8:159
    at dispatch (http://localhost:3000/assets/_shared/jquery-3.6.0.min.js:2:43064)
    at v.handle (http://localhost:3000/assets/_shared/jquery-3.6.0.min.js:2:41048)
[ 1369665ms] TypeError: $(...).visible is not a function
    at http://localhost:3000/assets/_shared/all.js:8:159
    at dispatch (http://localhost:3000/assets/_shared/jquery-3.6.0.min.js:2:43064)
    at v.handle (http://localhost:3000/assets/_shared/jquery-3.6.0.min.js:2:41048)
[ 1369674ms] TypeError: $(...).visible is not a function
    at http://localhost:3000/assets/_shared/all.js:8:159
    at dispatch (http://localhost:3000/assets/_shared/jquery-3.6.0.min.js:2:43064)
    at v.handle (http://localhost:3000/assets/_shared/jquery-3.6.0.min.js:2:41048)
[ 1369682ms] TypeError: $(...).visible is not a function
    at http://localhost:3000/assets/_shared/all.js:8:159
    at dispatch (http://localhost:3000/assets/_shared/jquery-3.6.0.min.js:2:43064)
    at v.handle (http://localhost:3000/assets/_shared/jquery-3.6.0.min.js:2:41048)
[ 1369690ms] TypeError: $(...).visible is not a function
    at http://localhost:3000/assets/_shared/all.js:8:159
    at dispatch (http://localhost:3000/assets/_shared/jquery-3.6.0.min.js:2:43064)
    at v.handle (http://localhost:3000/assets/_shared/jquery-3.6.0.min.js:2:41048)
[ 1369699ms] TypeError: $(...).visible is not a function
    at http://localhost:3000/assets/_shared/all.js:8:159
    at dispatch (http://localhost:3000/assets/_shared/jquery-3.6.0.min.js:2:43064)
    at v.handle (http://localhost:3000/assets/_shared/jquery-3.6.0.min.js:2:41048)
[ 1369706ms] TypeError: $(...).visible is not a function
    at http://localhost:3000/assets/_shared/all.js:8:159
    at dispatch (http://localhost:3000/assets/_shared/jquery-3.6.0.min.js:2:43064)
    at v.handle (http://localhost:3000/assets/_shared/jquery-3.6.0.min.js:2:41048)
[ 1369715ms] TypeError: $(...).visible is not a function
    at http://localhost:3000/assets/_shared/all.js:8:159
    at dispatch (http://localhost:3000/assets/_shared/jquery-3.6.0.min.js:2:43064)
    at v.handle (http://localhost:3000/assets/_shared/jquery-3.6.0.min.js:2:41048)
[ 1369724ms] TypeError: $(...).visible is not a function
    at http://localhost:3000/assets/_shared/all.js:8:159
    at dispatch (http://localhost:3000/assets/_shared/jquery-3.6.0.min.js:2:43064)
    at v.handle (http://localhost:3000/assets/_shared/jquery-3.6.0.min.js:2:41048)
[ 1369777ms] TypeError: $(...).visible is not a function
    at http://localhost:3000/assets/_shared/all.js:8:159
    at dispatch (http://localhost:3000/assets/_shared/jquery-3.6.0.min.js:2:43064)
    at v.handle (http://localhost:3000/assets/_shared/jquery-3.6.0.min.js:2:41048)
[ 1369782ms] TypeError: $(...).visible is not a function
    at http://localhost:3000/assets/_shared/all.js:8:159
    at dispatch (http://localhost:3000/assets/_shared/jquery-3.6.0.min.js:2:43064)
    at v.handle (http://localhost:3000/assets/_shared/jquery-3.6.0.min.js:2:41048)
[ 1369790ms] TypeError: $(...).visible is not a function
    at http://localhost:3000/assets/_shared/all.js:8:159
    at dispatch (http://localhost:3000/assets/_shared/jquery-3.6.0.min.js:2:43064)
    at v.handle (http://localhost:3000/assets/_shared/jquery-3.6.0.min.js:2:41048)
[ 1369799ms] TypeError: $(...).visible is not a function
    at http://localhost:3000/assets/_shared/all.js:8:159
    at dispatch (http://localhost:3000/assets/_shared/jquery-3.6.0.min.js:2:43064)
    at v.handle (http://localhost:3000/assets/_shared/jquery-3.6.0.min.js:2:41048)
[ 1369807ms] TypeError: $(...).visible is not a function
    at http://localhost:3000/assets/_shared/all.js:8:159
    at dispatch (http://localhost:3000/assets/_shared/jquery-3.6.0.min.js:2:43064)
    at v.handle (http://localhost:3000/assets/_shared/jquery-3.6.0.min.js:2:41048)
[ 1369816ms] TypeError: $(...).visible is not a function
    at http://localhost:3000/assets/_shared/all.js:8:159
    at dispatch (http://localhost:3000/assets/_shared/jquery-3.6.0.min.js:2:43064)
    at v.handle (http://localhost:3000/assets/_shared/jquery-3.6.0.min.js:2:41048)
[ 1369824ms] TypeError: $(...).visible is not a function
    at http://localhost:3000/assets/_shared/all.js:8:159
    at dispatch (http://localhost:3000/assets/_shared/jquery-3.6.0.min.js:2:43064)
    at v.handle (http://localhost:3000/assets/_shared/jquery-3.6.0.min.js:2:41048)
[ 1369832ms] TypeError: $(...).visible is not a function
    at http://localhost:3000/assets/_shared/all.js:8:159
    at dispatch (http://localhost:3000/assets/_shared/jquery-3.6.0.min.js:2:43064)
    at v.handle (http://localhost:3000/assets/_shared/jquery-3.6.0.min.js:2:41048)
[ 1369841ms] TypeError: $(...).visible is not a function
    at http://localhost:3000/assets/_shared/all.js:8:159
    at dispatch (http://localhost:3000/assets/_shared/jquery-3.6.0.min.js:2:43064)
    at v.handle (http://localhost:3000/assets/_shared/jquery-3.6.0.min.js:2:41048)
[ 1369849ms] TypeError: $(...).visible is not a function
    at http://localhost:3000/assets/_shared/all.js:8:159
    at dispatch (http://localhost:3000/assets/_shared/jquery-3.6.0.min.js:2:43064)
    at v.handle (http://localhost:3000/assets/_shared/jquery-3.6.0.min.js:2:41048)
[ 1369857ms] TypeError: $(...).visible is not a function
    at http://localhost:3000/assets/_shared/all.js:8:159
    at dispatch (http://localhost:3000/assets/_shared/jquery-3.6.0.min.js:2:43064)
    at v.handle (http://localhost:3000/assets/_shared/jquery-3.6.0.min.js:2:41048)
[ 1369865ms] TypeError: $(...).visible is not a function
    at http://localhost:3000/assets/_shared/all.js:8:159
    at dispatch (http://localhost:3000/assets/_shared/jquery-3.6.0.min.js:2:43064)
    at v.handle (http://localhost:3000/assets/_shared/jquery-3.6.0.min.js:2:41048)
[ 1369874ms] TypeError: $(...).visible is not a function
    at http://localhost:3000/assets/_shared/all.js:8:159
    at dispatch (http://localhost:3000/assets/_shared/jquery-3.6.0.min.js:2:43064)
    at v.handle (http://localhost:3000/assets/_shared/jquery-3.6.0.min.js:2:41048)
[ 1369890ms] TypeError: $(...).visible is not a function
    at http://localhost:3000/assets/_shared/all.js:8:159
    at dispatch (http://localhost:3000/assets/_shared/jquery-3.6.0.min.js:2:43064)
    at v.handle (http://localhost:3000/assets/_shared/jquery-3.6.0.min.js:2:41048)
[ 1369899ms] TypeError: $(...).visible is not a function
    at http://localhost:3000/assets/_shared/all.js:8:159
    at dispatch (http://localhost:3000/assets/_shared/jquery-3.6.0.min.js:2:43064)
    at v.handle (http://localhost:3000/assets/_shared/jquery-3.6.0.min.js:2:41048)
[ 1369907ms] TypeError: $(...).visible is not a function
    at http://localhost:3000/assets/_shared/all.js:8:159
    at dispatch (http://localhost:3000/assets/_shared/jquery-3.6.0.min.js:2:43064)
    at v.handle (http://localhost:3000/assets/_shared/jquery-3.6.0.min.js:2:41048)
[ 1369915ms] TypeError: $(...).visible is not a function
    at http://localhost:3000/assets/_shared/all.js:8:159
    at dispatch (http://localhost:3000/assets/_shared/jquery-3.6.0.min.js:2:43064)
    at v.handle (http://localhost:3000/assets/_shared/jquery-3.6.0.min.js:2:41048)
[ 1369924ms] TypeError: $(...).visible is not a function
    at http://localhost:3000/assets/_shared/all.js:8:159
    at dispatch (http://localhost:3000/assets/_shared/jquery-3.6.0.min.js:2:43064)
    at v.handle (http://localhost:3000/assets/_shared/jquery-3.6.0.min.js:2:41048)
[ 1369932ms] TypeError: $(...).visible is not a function
    at http://localhost:3000/assets/_shared/all.js:8:159
    at dispatch (http://localhost:3000/assets/_shared/jquery-3.6.0.min.js:2:43064)
    at v.handle (http://localhost:3000/assets/_shared/jquery-3.6.0.min.js:2:41048)
[ 1369941ms] TypeError: $(...).visible is not a function
    at http://localhost:3000/assets/_shared/all.js:8:159
    at dispatch (http://localhost:3000/assets/_shared/jquery-3.6.0.min.js:2:43064)
    at v.handle (http://localhost:3000/assets/_shared/jquery-3.6.0.min.js:2:41048)
[ 1369949ms] TypeError: $(...).visible is not a function
    at http://localhost:3000/assets/_shared/all.js:8:159
    at dispatch (http://localhost:3000/assets/_shared/jquery-3.6.0.min.js:2:43064)
    at v.handle (http://localhost:3000/assets/_shared/jquery-3.6.0.min.js:2:41048)
[ 1369957ms] TypeError: $(...).visible is not a function
    at http://localhost:3000/assets/_shared/all.js:8:159
    at dispatch (http://localhost:3000/assets/_shared/jquery-3.6.0.min.js:2:43064)
    at v.handle (http://localhost:3000/assets/_shared/jquery-3.6.0.min.js:2:41048)
[ 1369965ms] TypeError: $(...).visible is not a function
    at http://localhost:3000/assets/_shared/all.js:8:159
    at dispatch (http://localhost:3000/assets/_shared/jquery-3.6.0.min.js:2:43064)
    at v.handle (http://localhost:3000/assets/_shared/jquery-3.6.0.min.js:2:41048)
[ 1369974ms] TypeError: $(...).visible is not a function
    at http://localhost:3000/assets/_shared/all.js:8:159
    at dispatch (http://localhost:3000/assets/_shared/jquery-3.6.0.min.js:2:43064)
    at v.handle (http://localhost:3000/assets/_shared/jquery-3.6.0.min.js:2:41048)
[ 1369982ms] TypeError: $(...).visible is not a function
    at http://localhost:3000/assets/_shared/all.js:8:159
    at dispatch (http://localhost:3000/assets/_shared/jquery-3.6.0.min.js:2:43064)
    at v.handle (http://localhost:3000/assets/_shared/jquery-3.6.0.min.js:2:41048)
[ 1369990ms] TypeError: $(...).visible is not a function
    at http://localhost:3000/assets/_shared/all.js:8:159
    at dispatch (http://localhost:3000/assets/_shared/jquery-3.6.0.min.js:2:43064)
    at v.handle (http://localhost:3000/assets/_shared/jquery-3.6.0.min.js:2:41048)
[ 1369999ms] TypeError: $(...).visible is not a function
    at http://localhost:3000/assets/_shared/all.js:8:159
    at dispatch (http://localhost:3000/assets/_shared/jquery-3.6.0.min.js:2:43064)
    at v.handle (http://localhost:3000/assets/_shared/jquery-3.6.0.min.js:2:41048)
[ 1370007ms] TypeError: $(...).visible is not a function
    at http://localhost:3000/assets/_shared/all.js:8:159
    at dispatch (http://localhost:3000/assets/_shared/jquery-3.6.0.min.js:2:43064)
    at v.handle (http://localhost:3000/assets/_shared/jquery-3.6.0.min.js:2:41048)
[ 1370015ms] TypeError: $(...).visible is not a function
    at http://localhost:3000/assets/_shared/all.js:8:159
    at dispatch (http://localhost:3000/assets/_shared/jquery-3.6.0.min.js:2:43064)
    at v.handle (http://localhost:3000/assets/_shared/jquery-3.6.0.min.js:2:41048)
[ 1370024ms] TypeError: $(...).visible is not a function
    at http://localhost:3000/assets/_shared/all.js:8:159
    at dispatch (http://localhost:3000/assets/_shared/jquery-3.6.0.min.js:2:43064)
    at v.handle (http://localhost:3000/assets/_shared/jquery-3.6.0.min.js:2:41048)
[ 1370032ms] TypeError: $(...).visible is not a function
    at http://localhost:3000/assets/_shared/all.js:8:159
    at dispatch (http://localhost:3000/assets/_shared/jquery-3.6.0.min.js:2:43064)
    at v.handle (http://localhost:3000/assets/_shared/jquery-3.6.0.min.js:2:41048)
[ 1370040ms] TypeError: $(...).visible is not a function
    at http://localhost:3000/assets/_shared/all.js:8:159
    at dispatch (http://localhost:3000/assets/_shared/jquery-3.6.0.min.js:2:43064)
    at v.handle (http://localhost:3000/assets/_shared/jquery-3.6.0.min.js:2:41048)
[ 1370049ms] TypeError: $(...).visible is not a function
    at http://localhost:3000/assets/_shared/all.js:8:159
    at dispatch (http://localhost:3000/assets/_shared/jquery-3.6.0.min.js:2:43064)
    at v.handle (http://localhost:3000/assets/_shared/jquery-3.6.0.min.js:2:41048)
[ 1370057ms] TypeError: $(...).visible is not a function
    at http://localhost:3000/assets/_shared/all.js:8:159
    at dispatch (http://localhost:3000/assets/_shared/jquery-3.6.0.min.js:2:43064)
    at v.handle (http://localhost:3000/assets/_shared/jquery-3.6.0.min.js:2:41048)
[ 1370065ms] TypeError: $(...).visible is not a function
    at http://localhost:3000/assets/_shared/all.js:8:159
    at dispatch (http://localhost:3000/assets/_shared/jquery-3.6.0.min.js:2:43064)
    at v.handle (http://localhost:3000/assets/_shared/jquery-3.6.0.min.js:2:41048)
[ 1370074ms] TypeError: $(...).visible is not a function
    at http://localhost:3000/assets/_shared/all.js:8:159
    at dispatch (http://localhost:3000/assets/_shared/jquery-3.6.0.min.js:2:43064)
    at v.handle (http://localhost:3000/assets/_shared/jquery-3.6.0.min.js:2:41048)
[ 1370082ms] TypeError: $(...).visible is not a function
    at http://localhost:3000/assets/_shared/all.js:8:159
    at dispatch (http://localhost:3000/assets/_shared/jquery-3.6.0.min.js:2:43064)
    at v.handle (http://localhost:3000/assets/_shared/jquery-3.6.0.min.js:2:41048)
[ 1370090ms] TypeError: $(...).visible is not a function
    at http://localhost:3000/assets/_shared/all.js:8:159
    at dispatch (http://localhost:3000/assets/_shared/jquery-3.6.0.min.js:2:43064)
    at v.handle (http://localhost:3000/assets/_shared/jquery-3.6.0.min.js:2:41048)
[ 1370099ms] TypeError: $(...).visible is not a function
    at http://localhost:3000/assets/_shared/all.js:8:159
    at dispatch (http://localhost:3000/assets/_shared/jquery-3.6.0.min.js:2:43064)
    at v.handle (http://localhost:3000/assets/_shared/jquery-3.6.0.min.js:2:41048)
[ 1370107ms] TypeError: $(...).visible is not a function
    at http://localhost:3000/assets/_shared/all.js:8:159
    at dispatch (http://localhost:3000/assets/_shared/jquery-3.6.0.min.js:2:43064)
    at v.handle (http://localhost:3000/assets/_shared/jquery-3.6.0.min.js:2:41048)
[ 1370115ms] TypeError: $(...).visible is not a function
    at http://localhost:3000/assets/_shared/all.js:8:159
    at dispatch (http://localhost:3000/assets/_shared/jquery-3.6.0.min.js:2:43064)
    at v.handle (http://localhost:3000/assets/_shared/jquery-3.6.0.min.js:2:41048)
[ 1370124ms] TypeError: $(...).visible is not a function
    at http://localhost:3000/assets/_shared/all.js:8:159
    at dispatch (http://localhost:3000/assets/_shared/jquery-3.6.0.min.js:2:43064)
    at v.handle (http://localhost:3000/assets/_shared/jquery-3.6.0.min.js:2:41048)
[ 1370132ms] TypeError: $(...).visible is not a function
    at http://localhost:3000/assets/_shared/all.js:8:159
    at dispatch (http://localhost:3000/assets/_shared/jquery-3.6.0.min.js:2:43064)
    at v.handle (http://localhost:3000/assets/_shared/jquery-3.6.0.min.js:2:41048)
[ 1370140ms] TypeError: $(...).visible is not a function
    at http://localhost:3000/assets/_shared/all.js:8:159
    at dispatch (http://localhost:3000/assets/_shared/jquery-3.6.0.min.js:2:43064)
    at v.handle (http://localhost:3000/assets/_shared/jquery-3.6.0.min.js:2:41048)
[ 1370149ms] TypeError: $(...).visible is not a function
    at http://localhost:3000/assets/_shared/all.js:8:159
    at dispatch (http://localhost:3000/assets/_shared/jquery-3.6.0.min.js:2:43064)
    at v.handle (http://localhost:3000/assets/_shared/jquery-3.6.0.min.js:2:41048)
[ 1370157ms] TypeError: $(...).visible is not a function
    at http://localhost:3000/assets/_shared/all.js:8:159
    at dispatch (http://localhost:3000/assets/_shared/jquery-3.6.0.min.js:2:43064)
    at v.handle (http://localhost:3000/assets/_shared/jquery-3.6.0.min.js:2:41048)
[ 1370165ms] TypeError: $(...).visible is not a function
    at http://localhost:3000/assets/_shared/all.js:8:159
    at dispatch (http://localhost:3000/assets/_shared/jquery-3.6.0.min.js:2:43064)
    at v.handle (http://localhost:3000/assets/_shared/jquery-3.6.0.min.js:2:41048)
[ 1370173ms] TypeError: $(...).visible is not a function
    at http://localhost:3000/assets/_shared/all.js:8:159
    at dispatch (http://localhost:3000/assets/_shared/jquery-3.6.0.min.js:2:43064)
    at v.handle (http://localhost:3000/assets/_shared/jquery-3.6.0.min.js:2:41048)
[ 1370181ms] TypeError: $(...).visible is not a function
    at http://localhost:3000/assets/_shared/all.js:8:159
    at dispatch (http://localhost:3000/assets/_shared/jquery-3.6.0.min.js:2:43064)
    at v.handle (http://localhost:3000/assets/_shared/jquery-3.6.0.min.js:2:41048)
[ 1370190ms] TypeError: $(...).visible is not a function
    at http://localhost:3000/assets/_shared/all.js:8:159
    at dispatch (http://localhost:3000/assets/_shared/jquery-3.6.0.min.js:2:43064)
    at v.handle (http://localhost:3000/assets/_shared/jquery-3.6.0.min.js:2:41048)
[ 1370199ms] TypeError: $(...).visible is not a function
    at http://localhost:3000/assets/_shared/all.js:8:159
    at dispatch (http://localhost:3000/assets/_shared/jquery-3.6.0.min.js:2:43064)
    at v.handle (http://localhost:3000/assets/_shared/jquery-3.6.0.min.js:2:41048)
[ 1370207ms] TypeError: $(...).visible is not a function
    at http://localhost:3000/assets/_shared/all.js:8:159
    at dispatch (http://localhost:3000/assets/_shared/jquery-3.6.0.min.js:2:43064)
    at v.handle (http://localhost:3000/assets/_shared/jquery-3.6.0.min.js:2:41048)
[ 1370215ms] TypeError: $(...).visible is not a function
    at http://localhost:3000/assets/_shared/all.js:8:159
    at dispatch (http://localhost:3000/assets/_shared/jquery-3.6.0.min.js:2:43064)
    at v.handle (http://localhost:3000/assets/_shared/jquery-3.6.0.min.js:2:41048)
[ 1370224ms] TypeError: $(...).visible is not a function
    at http://localhost:3000/assets/_shared/all.js:8:159
    at dispatch (http://localhost:3000/assets/_shared/jquery-3.6.0.min.js:2:43064)
    at v.handle (http://localhost:3000/assets/_shared/jquery-3.6.0.min.js:2:41048)
[ 1370232ms] TypeError: $(...).visible is not a function
    at http://localhost:3000/assets/_shared/all.js:8:159
    at dispatch (http://localhost:3000/assets/_shared/jquery-3.6.0.min.js:2:43064)
    at v.handle (http://localhost:3000/assets/_shared/jquery-3.6.0.min.js:2:41048)
[ 1370241ms] TypeError: $(...).visible is not a function
    at http://localhost:3000/assets/_shared/all.js:8:159
    at dispatch (http://localhost:3000/assets/_shared/jquery-3.6.0.min.js:2:43064)
    at v.handle (http://localhost:3000/assets/_shared/jquery-3.6.0.min.js:2:41048)
[ 1370248ms] TypeError: $(...).visible is not a function
    at http://localhost:3000/assets/_shared/all.js:8:159
    at dispatch (http://localhost:3000/assets/_shared/jquery-3.6.0.min.js:2:43064)
    at v.handle (http://localhost:3000/assets/_shared/jquery-3.6.0.min.js:2:41048)
[ 1370257ms] TypeError: $(...).visible is not a function
    at http://localhost:3000/assets/_shared/all.js:8:159
    at dispatch (http://localhost:3000/assets/_shared/jquery-3.6.0.min.js:2:43064)
    at v.handle (http://localhost:3000/assets/_shared/jquery-3.6.0.min.js:2:41048)
[ 1370265ms] TypeError: $(...).visible is not a function
    at http://localhost:3000/assets/_shared/all.js:8:159
    at dispatch (http://localhost:3000/assets/_shared/jquery-3.6.0.min.js:2:43064)
    at v.handle (http://localhost:3000/assets/_shared/jquery-3.6.0.min.js:2:41048)
[ 1370274ms] TypeError: $(...).visible is not a function
    at http://localhost:3000/assets/_shared/all.js:8:159
    at dispatch (http://localhost:3000/assets/_shared/jquery-3.6.0.min.js:2:43064)
    at v.handle (http://localhost:3000/assets/_shared/jquery-3.6.0.min.js:2:41048)
[ 1370377ms] TypeError: $(...).visible is not a function
    at http://localhost:3000/assets/_shared/all.js:8:159
    at dispatch (http://localhost:3000/assets/_shared/jquery-3.6.0.min.js:2:43064)
    at v.handle (http://localhost:3000/assets/_shared/jquery-3.6.0.min.js:2:41048)
[ 1370382ms] TypeError: $(...).visible is not a function
    at http://localhost:3000/assets/_shared/all.js:8:159
    at dispatch (http://localhost:3000/assets/_shared/jquery-3.6.0.min.js:2:43064)
    at v.handle (http://localhost:3000/assets/_shared/jquery-3.6.0.min.js:2:41048)
[ 1370390ms] TypeError: $(...).visible is not a function
    at http://localhost:3000/assets/_shared/all.js:8:159
    at dispatch (http://localhost:3000/assets/_shared/jquery-3.6.0.min.js:2:43064)
    at v.handle (http://localhost:3000/assets/_shared/jquery-3.6.0.min.js:2:41048)
[ 1370398ms] TypeError: $(...).visible is not a function
    at http://localhost:3000/assets/_shared/all.js:8:159
    at dispatch (http://localhost:3000/assets/_shared/jquery-3.6.0.min.js:2:43064)
    at v.handle (http://localhost:3000/assets/_shared/jquery-3.6.0.min.js:2:41048)
[ 1370407ms] TypeError: $(...).visible is not a function
    at http://localhost:3000/assets/_shared/all.js:8:159
    at dispatch (http://localhost:3000/assets/_shared/jquery-3.6.0.min.js:2:43064)
    at v.handle (http://localhost:3000/assets/_shared/jquery-3.6.0.min.js:2:41048)
[ 1370415ms] TypeError: $(...).visible is not a function
    at http://localhost:3000/assets/_shared/all.js:8:159
    at dispatch (http://localhost:3000/assets/_shared/jquery-3.6.0.min.js:2:43064)
    at v.handle (http://localhost:3000/assets/_shared/jquery-3.6.0.min.js:2:41048)
[ 1370424ms] TypeError: $(...).visible is not a function
    at http://localhost:3000/assets/_shared/all.js:8:159
    at dispatch (http://localhost:3000/assets/_shared/jquery-3.6.0.min.js:2:43064)
    at v.handle (http://localhost:3000/assets/_shared/jquery-3.6.0.min.js:2:41048)
[ 1370432ms] TypeError: $(...).visible is not a function
    at http://localhost:3000/assets/_shared/all.js:8:159
    at dispatch (http://localhost:3000/assets/_shared/jquery-3.6.0.min.js:2:43064)
    at v.handle (http://localhost:3000/assets/_shared/jquery-3.6.0.min.js:2:41048)
[ 1370440ms] TypeError: $(...).visible is not a function
    at http://localhost:3000/assets/_shared/all.js:8:159
    at dispatch (http://localhost:3000/assets/_shared/jquery-3.6.0.min.js:2:43064)
    at v.handle (http://localhost:3000/assets/_shared/jquery-3.6.0.min.js:2:41048)
[ 1370449ms] TypeError: $(...).visible is not a function
    at http://localhost:3000/assets/_shared/all.js:8:159
    at dispatch (http://localhost:3000/assets/_shared/jquery-3.6.0.min.js:2:43064)
    at v.handle (http://localhost:3000/assets/_shared/jquery-3.6.0.min.js:2:41048)
[ 1370457ms] TypeError: $(...).visible is not a function
    at http://localhost:3000/assets/_shared/all.js:8:159
    at dispatch (http://localhost:3000/assets/_shared/jquery-3.6.0.min.js:2:43064)
    at v.handle (http://localhost:3000/assets/_shared/jquery-3.6.0.min.js:2:41048)
[ 1370465ms] TypeError: $(...).visible is not a function
    at http://localhost:3000/assets/_shared/all.js:8:159
    at dispatch (http://localhost:3000/assets/_shared/jquery-3.6.0.min.js:2:43064)
    at v.handle (http://localhost:3000/assets/_shared/jquery-3.6.0.min.js:2:41048)
[ 1370474ms] TypeError: $(...).visible is not a function
    at http://localhost:3000/assets/_shared/all.js:8:159
    at dispatch (http://localhost:3000/assets/_shared/jquery-3.6.0.min.js:2:43064)
    at v.handle (http://localhost:3000/assets/_shared/jquery-3.6.0.min.js:2:41048)
[ 1370482ms] TypeError: $(...).visible is not a function
    at http://localhost:3000/assets/_shared/all.js:8:159
    at dispatch (http://localhost:3000/assets/_shared/jquery-3.6.0.min.js:2:43064)
    at v.handle (http://localhost:3000/assets/_shared/jquery-3.6.0.min.js:2:41048)
[ 1370490ms] TypeError: $(...).visible is not a function
    at http://localhost:3000/assets/_shared/all.js:8:159
    at dispatch (http://localhost:3000/assets/_shared/jquery-3.6.0.min.js:2:43064)
    at v.handle (http://localhost:3000/assets/_shared/jquery-3.6.0.min.js:2:41048)
[ 1370499ms] TypeError: $(...).visible is not a function
    at http://localhost:3000/assets/_shared/all.js:8:159
    at dispatch (http://localhost:3000/assets/_shared/jquery-3.6.0.min.js:2:43064)
    at v.handle (http://localhost:3000/assets/_shared/jquery-3.6.0.min.js:2:41048)
[ 1370507ms] TypeError: $(...).visible is not a function
    at http://localhost:3000/assets/_shared/all.js:8:159
    at dispatch (http://localhost:3000/assets/_shared/jquery-3.6.0.min.js:2:43064)
    at v.handle (http://localhost:3000/assets/_shared/jquery-3.6.0.min.js:2:41048)
[ 1370515ms] TypeError: $(...).visible is not a function
    at http://localhost:3000/assets/_shared/all.js:8:159
    at dispatch (http://localhost:3000/assets/_shared/jquery-3.6.0.min.js:2:43064)
    at v.handle (http://localhost:3000/assets/_shared/jquery-3.6.0.min.js:2:41048)
[ 1370524ms] TypeError: $(...).visible is not a function
    at http://localhost:3000/assets/_shared/all.js:8:159
    at dispatch (http://localhost:3000/assets/_shared/jquery-3.6.0.min.js:2:43064)
    at v.handle (http://localhost:3000/assets/_shared/jquery-3.6.0.min.js:2:41048)
[ 1370532ms] TypeError: $(...).visible is not a function
    at http://localhost:3000/assets/_shared/all.js:8:159
    at dispatch (http://localhost:3000/assets/_shared/jquery-3.6.0.min.js:2:43064)
    at v.handle (http://localhost:3000/assets/_shared/jquery-3.6.0.min.js:2:41048)
[ 1370540ms] TypeError: $(...).visible is not a function
    at http://localhost:3000/assets/_shared/all.js:8:159
    at dispatch (http://localhost:3000/assets/_shared/jquery-3.6.0.min.js:2:43064)
    at v.handle (http://localhost:3000/assets/_shared/jquery-3.6.0.min.js:2:41048)
[ 1370549ms] TypeError: $(...).visible is not a function
    at http://localhost:3000/assets/_shared/all.js:8:159
    at dispatch (http://localhost:3000/assets/_shared/jquery-3.6.0.min.js:2:43064)
    at v.handle (http://localhost:3000/assets/_shared/jquery-3.6.0.min.js:2:41048)
[ 1370557ms] TypeError: $(...).visible is not a function
    at http://localhost:3000/assets/_shared/all.js:8:159
    at dispatch (http://localhost:3000/assets/_shared/jquery-3.6.0.min.js:2:43064)
    at v.handle (http://localhost:3000/assets/_shared/jquery-3.6.0.min.js:2:41048)
[ 1370565ms] TypeError: $(...).visible is not a function
    at http://localhost:3000/assets/_shared/all.js:8:159
    at dispatch (http://localhost:3000/assets/_shared/jquery-3.6.0.min.js:2:43064)
    at v.handle (http://localhost:3000/assets/_shared/jquery-3.6.0.min.js:2:41048)
[ 1370574ms] TypeError: $(...).visible is not a function
    at http://localhost:3000/assets/_shared/all.js:8:159
    at dispatch (http://localhost:3000/assets/_shared/jquery-3.6.0.min.js:2:43064)
    at v.handle (http://localhost:3000/assets/_shared/jquery-3.6.0.min.js:2:41048)
[ 1370582ms] TypeError: $(...).visible is not a function
    at http://localhost:3000/assets/_shared/all.js:8:159
    at dispatch (http://localhost:3000/assets/_shared/jquery-3.6.0.min.js:2:43064)
    at v.handle (http://localhost:3000/assets/_shared/jquery-3.6.0.min.js:2:41048)
[ 1370590ms] TypeError: $(...).visible is not a function
    at http://localhost:3000/assets/_shared/all.js:8:159
    at dispatch (http://localhost:3000/assets/_shared/jquery-3.6.0.min.js:2:43064)
    at v.handle (http://localhost:3000/assets/_shared/jquery-3.6.0.min.js:2:41048)
[ 1370599ms] TypeError: $(...).visible is not a function
    at http://localhost:3000/assets/_shared/all.js:8:159
    at dispatch (http://localhost:3000/assets/_shared/jquery-3.6.0.min.js:2:43064)
    at v.handle (http://localhost:3000/assets/_shared/jquery-3.6.0.min.js:2:41048)
[ 1370607ms] TypeError: $(...).visible is not a function
    at http://localhost:3000/assets/_shared/all.js:8:159
    at dispatch (http://localhost:3000/assets/_shared/jquery-3.6.0.min.js:2:43064)
    at v.handle (http://localhost:3000/assets/_shared/jquery-3.6.0.min.js:2:41048)
[ 1370615ms] TypeError: $(...).visible is not a function
    at http://localhost:3000/assets/_shared/all.js:8:159
    at dispatch (http://localhost:3000/assets/_shared/jquery-3.6.0.min.js:2:43064)
    at v.handle (http://localhost:3000/assets/_shared/jquery-3.6.0.min.js:2:41048)
[ 1370624ms] TypeError: $(...).visible is not a function
    at http://localhost:3000/assets/_shared/all.js:8:159
    at dispatch (http://localhost:3000/assets/_shared/jquery-3.6.0.min.js:2:43064)
    at v.handle (http://localhost:3000/assets/_shared/jquery-3.6.0.min.js:2:41048)
[ 1370632ms] TypeError: $(...).visible is not a function
    at http://localhost:3000/assets/_shared/all.js:8:159
    at dispatch (http://localhost:3000/assets/_shared/jquery-3.6.0.min.js:2:43064)
    at v.handle (http://localhost:3000/assets/_shared/jquery-3.6.0.min.js:2:41048)
[ 1370640ms] TypeError: $(...).visible is not a function
    at http://localhost:3000/assets/_shared/all.js:8:159
    at dispatch (http://localhost:3000/assets/_shared/jquery-3.6.0.min.js:2:43064)
    at v.handle (http://localhost:3000/assets/_shared/jquery-3.6.0.min.js:2:41048)
[ 1370649ms] TypeError: $(...).visible is not a function
    at http://localhost:3000/assets/_shared/all.js:8:159
    at dispatch (http://localhost:3000/assets/_shared/jquery-3.6.0.min.js:2:43064)
    at v.handle (http://localhost:3000/assets/_shared/jquery-3.6.0.min.js:2:41048)
[ 1370657ms] TypeError: $(...).visible is not a function
    at http://localhost:3000/assets/_shared/all.js:8:159
    at dispatch (http://localhost:3000/assets/_shared/jquery-3.6.0.min.js:2:43064)
    at v.handle (http://localhost:3000/assets/_shared/jquery-3.6.0.min.js:2:41048)
[ 1370665ms] TypeError: $(...).visible is not a function
    at http://localhost:3000/assets/_shared/all.js:8:159
    at dispatch (http://localhost:3000/assets/_shared/jquery-3.6.0.min.js:2:43064)
    at v.handle (http://localhost:3000/assets/_shared/jquery-3.6.0.min.js:2:41048)
[ 1370674ms] TypeError: $(...).visible is not a function
    at http://localhost:3000/assets/_shared/all.js:8:159
    at dispatch (http://localhost:3000/assets/_shared/jquery-3.6.0.min.js:2:43064)
    at v.handle (http://localhost:3000/assets/_shared/jquery-3.6.0.min.js:2:41048)
[ 1370682ms] TypeError: $(...).visible is not a function
    at http://localhost:3000/assets/_shared/all.js:8:159
    at dispatch (http://localhost:3000/assets/_shared/jquery-3.6.0.min.js:2:43064)
    at v.handle (http://localhost:3000/assets/_shared/jquery-3.6.0.min.js:2:41048)
[ 1370690ms] TypeError: $(...).visible is not a function
    at http://localhost:3000/assets/_shared/all.js:8:159
    at dispatch (http://localhost:3000/assets/_shared/jquery-3.6.0.min.js:2:43064)
    at v.handle (http://localhost:3000/assets/_shared/jquery-3.6.0.min.js:2:41048)
[ 1370699ms] TypeError: $(...).visible is not a function
    at http://localhost:3000/assets/_shared/all.js:8:159
    at dispatch (http://localhost:3000/assets/_shared/jquery-3.6.0.min.js:2:43064)
    at v.handle (http://localhost:3000/assets/_shared/jquery-3.6.0.min.js:2:41048)
[ 1370707ms] TypeError: $(...).visible is not a function
    at http://localhost:3000/assets/_shared/all.js:8:159
    at dispatch (http://localhost:3000/assets/_shared/jquery-3.6.0.min.js:2:43064)
    at v.handle (http://localhost:3000/assets/_shared/jquery-3.6.0.min.js:2:41048)
[ 1370716ms] TypeError: $(...).visible is not a function
    at http://localhost:3000/assets/_shared/all.js:8:159
    at dispatch (http://localhost:3000/assets/_shared/jquery-3.6.0.min.js:2:43064)
    at v.handle (http://localhost:3000/assets/_shared/jquery-3.6.0.min.js:2:41048)
[ 1370723ms] TypeError: $(...).visible is not a function
    at http://localhost:3000/assets/_shared/all.js:8:159
    at dispatch (http://localhost:3000/assets/_shared/jquery-3.6.0.min.js:2:43064)
    at v.handle (http://localhost:3000/assets/_shared/jquery-3.6.0.min.js:2:41048)
[ 1370732ms] TypeError: $(...).visible is not a function
    at http://localhost:3000/assets/_shared/all.js:8:159
    at dispatch (http://localhost:3000/assets/_shared/jquery-3.6.0.min.js:2:43064)
    at v.handle (http://localhost:3000/assets/_shared/jquery-3.6.0.min.js:2:41048)
[ 1370741ms] TypeError: $(...).visible is not a function
    at http://localhost:3000/assets/_shared/all.js:8:159
    at dispatch (http://localhost:3000/assets/_shared/jquery-3.6.0.min.js:2:43064)
    at v.handle (http://localhost:3000/assets/_shared/jquery-3.6.0.min.js:2:41048)
[ 1370749ms] TypeError: $(...).visible is not a function
    at http://localhost:3000/assets/_shared/all.js:8:159
    at dispatch (http://localhost:3000/assets/_shared/jquery-3.6.0.min.js:2:43064)
    at v.handle (http://localhost:3000/assets/_shared/jquery-3.6.0.min.js:2:41048)
[ 1370757ms] TypeError: $(...).visible is not a function
    at http://localhost:3000/assets/_shared/all.js:8:159
    at dispatch (http://localhost:3000/assets/_shared/jquery-3.6.0.min.js:2:43064)
    at v.handle (http://localhost:3000/assets/_shared/jquery-3.6.0.min.js:2:41048)
[ 1370765ms] TypeError: $(...).visible is not a function
    at http://localhost:3000/assets/_shared/all.js:8:159
    at dispatch (http://localhost:3000/assets/_shared/jquery-3.6.0.min.js:2:43064)
    at v.handle (http://localhost:3000/assets/_shared/jquery-3.6.0.min.js:2:41048)
[ 1370774ms] TypeError: $(...).visible is not a function
    at http://localhost:3000/assets/_shared/all.js:8:159
    at dispatch (http://localhost:3000/assets/_shared/jquery-3.6.0.min.js:2:43064)
    at v.handle (http://localhost:3000/assets/_shared/jquery-3.6.0.min.js:2:41048)
[ 1370782ms] TypeError: $(...).visible is not a function
    at http://localhost:3000/assets/_shared/all.js:8:159
    at dispatch (http://localhost:3000/assets/_shared/jquery-3.6.0.min.js:2:43064)
    at v.handle (http://localhost:3000/assets/_shared/jquery-3.6.0.min.js:2:41048)
[ 1370790ms] TypeError: $(...).visible is not a function
    at http://localhost:3000/assets/_shared/all.js:8:159
    at dispatch (http://localhost:3000/assets/_shared/jquery-3.6.0.min.js:2:43064)
    at v.handle (http://localhost:3000/assets/_shared/jquery-3.6.0.min.js:2:41048)
[ 1370799ms] TypeError: $(...).visible is not a function
    at http://localhost:3000/assets/_shared/all.js:8:159
    at dispatch (http://localhost:3000/assets/_shared/jquery-3.6.0.min.js:2:43064)
    at v.handle (http://localhost:3000/assets/_shared/jquery-3.6.0.min.js:2:41048)
[ 1370807ms] TypeError: $(...).visible is not a function
    at http://localhost:3000/assets/_shared/all.js:8:159
    at dispatch (http://localhost:3000/assets/_shared/jquery-3.6.0.min.js:2:43064)
    at v.handle (http://localhost:3000/assets/_shared/jquery-3.6.0.min.js:2:41048)
[ 1370815ms] TypeError: $(...).visible is not a function
    at http://localhost:3000/assets/_shared/all.js:8:159
    at dispatch (http://localhost:3000/assets/_shared/jquery-3.6.0.min.js:2:43064)
    at v.handle (http://localhost:3000/assets/_shared/jquery-3.6.0.min.js:2:41048)
[ 1370824ms] TypeError: $(...).visible is not a function
    at http://localhost:3000/assets/_shared/all.js:8:159
    at dispatch (http://localhost:3000/assets/_shared/jquery-3.6.0.min.js:2:43064)
    at v.handle (http://localhost:3000/assets/_shared/jquery-3.6.0.min.js:2:41048)
[ 1370832ms] TypeError: $(...).visible is not a function
    at http://localhost:3000/assets/_shared/all.js:8:159
    at dispatch (http://localhost:3000/assets/_shared/jquery-3.6.0.min.js:2:43064)
    at v.handle (http://localhost:3000/assets/_shared/jquery-3.6.0.min.js:2:41048)
[ 1370840ms] TypeError: $(...).visible is not a function
    at http://localhost:3000/assets/_shared/all.js:8:159
    at dispatch (http://localhost:3000/assets/_shared/jquery-3.6.0.min.js:2:43064)
    at v.handle (http://localhost:3000/assets/_shared/jquery-3.6.0.min.js:2:41048)
[ 1370849ms] TypeError: $(...).visible is not a function
    at http://localhost:3000/assets/_shared/all.js:8:159
    at dispatch (http://localhost:3000/assets/_shared/jquery-3.6.0.min.js:2:43064)
    at v.handle (http://localhost:3000/assets/_shared/jquery-3.6.0.min.js:2:41048)
[ 1370857ms] TypeError: $(...).visible is not a function
    at http://localhost:3000/assets/_shared/all.js:8:159
    at dispatch (http://localhost:3000/assets/_shared/jquery-3.6.0.min.js:2:43064)
    at v.handle (http://localhost:3000/assets/_shared/jquery-3.6.0.min.js:2:41048)
[ 1370866ms] TypeError: $(...).visible is not a function
    at http://localhost:3000/assets/_shared/all.js:8:159
    at dispatch (http://localhost:3000/assets/_shared/jquery-3.6.0.min.js:2:43064)
    at v.handle (http://localhost:3000/assets/_shared/jquery-3.6.0.min.js:2:41048)
[ 1370874ms] TypeError: $(...).visible is not a function
    at http://localhost:3000/assets/_shared/all.js:8:159
    at dispatch (http://localhost:3000/assets/_shared/jquery-3.6.0.min.js:2:43064)
    at v.handle (http://localhost:3000/assets/_shared/jquery-3.6.0.min.js:2:41048)
[ 1370882ms] TypeError: $(...).visible is not a function
    at http://localhost:3000/assets/_shared/all.js:8:159
    at dispatch (http://localhost:3000/assets/_shared/jquery-3.6.0.min.js:2:43064)
    at v.handle (http://localhost:3000/assets/_shared/jquery-3.6.0.min.js:2:41048)
[ 1370891ms] TypeError: $(...).visible is not a function
    at http://localhost:3000/assets/_shared/all.js:8:159
    at dispatch (http://localhost:3000/assets/_shared/jquery-3.6.0.min.js:2:43064)
    at v.handle (http://localhost:3000/assets/_shared/jquery-3.6.0.min.js:2:41048)
[ 1370899ms] TypeError: $(...).visible is not a function
    at http://localhost:3000/assets/_shared/all.js:8:159
    at dispatch (http://localhost:3000/assets/_shared/jquery-3.6.0.min.js:2:43064)
    at v.handle (http://localhost:3000/assets/_shared/jquery-3.6.0.min.js:2:41048)
[ 1370907ms] TypeError: $(...).visible is not a function
    at http://localhost:3000/assets/_shared/all.js:8:159
    at dispatch (http://localhost:3000/assets/_shared/jquery-3.6.0.min.js:2:43064)
    at v.handle (http://localhost:3000/assets/_shared/jquery-3.6.0.min.js:2:41048)
[ 1370916ms] TypeError: $(...).visible is not a function
    at http://localhost:3000/assets/_shared/all.js:8:159
    at dispatch (http://localhost:3000/assets/_shared/jquery-3.6.0.min.js:2:43064)
    at v.handle (http://localhost:3000/assets/_shared/jquery-3.6.0.min.js:2:41048)
[ 1370924ms] TypeError: $(...).visible is not a function
    at http://localhost:3000/assets/_shared/all.js:8:159
    at dispatch (http://localhost:3000/assets/_shared/jquery-3.6.0.min.js:2:43064)
    at v.handle (http://localhost:3000/assets/_shared/jquery-3.6.0.min.js:2:41048)
[ 1370932ms] TypeError: $(...).visible is not a function
    at http://localhost:3000/assets/_shared/all.js:8:159
    at dispatch (http://localhost:3000/assets/_shared/jquery-3.6.0.min.js:2:43064)
    at v.handle (http://localhost:3000/assets/_shared/jquery-3.6.0.min.js:2:41048)
[ 1370940ms] TypeError: $(...).visible is not a function
    at http://localhost:3000/assets/_shared/all.js:8:159
    at dispatch (http://localhost:3000/assets/_shared/jquery-3.6.0.min.js:2:43064)
    at v.handle (http://localhost:3000/assets/_shared/jquery-3.6.0.min.js:2:41048)
[ 1370949ms] TypeError: $(...).visible is not a function
    at http://localhost:3000/assets/_shared/all.js:8:159
    at dispatch (http://localhost:3000/assets/_shared/jquery-3.6.0.min.js:2:43064)
    at v.handle (http://localhost:3000/assets/_shared/jquery-3.6.0.min.js:2:41048)
[ 1370957ms] TypeError: $(...).visible is not a function
    at http://localhost:3000/assets/_shared/all.js:8:159
    at dispatch (http://localhost:3000/assets/_shared/jquery-3.6.0.min.js:2:43064)
    at v.handle (http://localhost:3000/assets/_shared/jquery-3.6.0.min.js:2:41048)
[ 1370965ms] TypeError: $(...).visible is not a function
    at http://localhost:3000/assets/_shared/all.js:8:159
    at dispatch (http://localhost:3000/assets/_shared/jquery-3.6.0.min.js:2:43064)
    at v.handle (http://localhost:3000/assets/_shared/jquery-3.6.0.min.js:2:41048)
[ 1370975ms] TypeError: $(...).visible is not a function
    at http://localhost:3000/assets/_shared/all.js:8:159
    at dispatch (http://localhost:3000/assets/_shared/jquery-3.6.0.min.js:2:43064)
    at v.handle (http://localhost:3000/assets/_shared/jquery-3.6.0.min.js:2:41048)
[ 1370982ms] TypeError: $(...).visible is not a function
    at http://localhost:3000/assets/_shared/all.js:8:159
    at dispatch (http://localhost:3000/assets/_shared/jquery-3.6.0.min.js:2:43064)
    at v.handle (http://localhost:3000/assets/_shared/jquery-3.6.0.min.js:2:41048)
[ 1370990ms] TypeError: $(...).visible is not a function
    at http://localhost:3000/assets/_shared/all.js:8:159
    at dispatch (http://localhost:3000/assets/_shared/jquery-3.6.0.min.js:2:43064)
    at v.handle (http://localhost:3000/assets/_shared/jquery-3.6.0.min.js:2:41048)
[ 1370999ms] TypeError: $(...).visible is not a function
    at http://localhost:3000/assets/_shared/all.js:8:159
    at dispatch (http://localhost:3000/assets/_shared/jquery-3.6.0.min.js:2:43064)
    at v.handle (http://localhost:3000/assets/_shared/jquery-3.6.0.min.js:2:41048)
[ 1371007ms] TypeError: $(...).visible is not a function
    at http://localhost:3000/assets/_shared/all.js:8:159
    at dispatch (http://localhost:3000/assets/_shared/jquery-3.6.0.min.js:2:43064)
    at v.handle (http://localhost:3000/assets/_shared/jquery-3.6.0.min.js:2:41048)
[ 1371015ms] TypeError: $(...).visible is not a function
    at http://localhost:3000/assets/_shared/all.js:8:159
    at dispatch (http://localhost:3000/assets/_shared/jquery-3.6.0.min.js:2:43064)
    at v.handle (http://localhost:3000/assets/_shared/jquery-3.6.0.min.js:2:41048)
[ 1371024ms] TypeError: $(...).visible is not a function
    at http://localhost:3000/assets/_shared/all.js:8:159
    at dispatch (http://localhost:3000/assets/_shared/jquery-3.6.0.min.js:2:43064)
    at v.handle (http://localhost:3000/assets/_shared/jquery-3.6.0.min.js:2:41048)
[ 1371919ms] [LOG] [Fast Refresh] rebuilding @ http://localhost:3000/_next/static/chunks/node_modules_next_dist_115brz8._.js:2431
[ 1372112ms] [LOG] [Fast Refresh] done in 294ms @ http://localhost:3000/_next/static/chunks/node_modules_next_dist_115brz8._.js:2431
[ 1372400ms] [WARNING] <link rel=preload> has an unsupported `type` value @ http://localhost:3000/services/user-testing:0
[ 1372400ms] [WARNING] <link rel=preload> has an unsupported `type` value @ http://localhost:3000/services/user-testing:0
[ 1372400ms] [WARNING] <link rel=preload> has an unsupported `type` value @ http://localhost:3000/services/user-testing:0
[ 1372403ms] [WARNING] <link rel=preload> has an unsupported `type` value @ http://localhost:3000/services/user-testing:0
[ 1372403ms] [WARNING] <link rel=preload> has an unsupported `type` value @ http://localhost:3000/services/user-testing:0
[ 1372403ms] [WARNING] <link rel=preload> has an unsupported `type` value @ http://localhost:3000/services/user-testing:0
[ 1372430ms] [INFO] %cDownload the React DevTools for a better development experience: https://react.dev/link/react-devtools font-weight:bold @ http://localhost:3000/_next/static/chunks/node_modules_next_dist_115brz8._.js:2431
[ 1372443ms] [LOG] [HMR] connected @ http://localhost:3000/_next/static/chunks/node_modules_next_dist_115brz8._.js:2431
[ 1372563ms] [WARNING] jQuery.Deferred exception: gsap is not defined ReferenceError: gsap is not defined
    at HTMLDocument.<anonymous> (http://localhost:3000/assets/_shared/all.js:2:515)
    at e (http://localhost:3000/assets/_shared/jquery-3.6.0.min.js:2:30038)
    at t (http://localhost:3000/assets/_shared/jquery-3.6.0.min.js:2:30340) undefined @ http://localhost:3000/_next/static/chunks/node_modules_next_dist_115brz8._.js:2431
[ 1372577ms] ReferenceError: gsap is not defined
    at HTMLDocument.<anonymous> (http://localhost:3000/assets/_shared/all.js:2:515)
    at e (http://localhost:3000/assets/_shared/jquery-3.6.0.min.js:2:30038)
    at t (http://localhost:3000/assets/_shared/jquery-3.6.0.min.js:2:30340)
[ 1417455ms] [LOG] [Fast Refresh] rebuilding @ http://localhost:3000/_next/static/chunks/node_modules_next_dist_115brz8._.js:2431
[ 1417457ms] [LOG] [Fast Refresh] done in 102ms @ http://localhost:3000/_next/static/chunks/node_modules_next_dist_115brz8._.js:2431
